lookback_hours,lookback_bars,tp_atr_mult,tp_swing_fraction,sl_atr_mult,sl_swing_fraction,min_tp_major,min_sl_major,min_tp_jpy,min_sl_jpy,val_trades,val_wins,val_losses,val_win_rate,val_net_pips,val_expectancy_pips,val_profit_factor,val_max_drawdown_pips,val_score,val_avg_tp_pips,val_avg_sl_pips,val_tp_hits,val_sl_hits,val_timeouts,test_trades,test_wins,test_losses,test_win_rate,test_net_pips,test_expectancy_pips,test_profit_factor,test_max_drawdown_pips,test_score,test_avg_tp_pips,test_avg_sl_pips,test_tp_hits,test_sl_hits,test_timeouts
5,60,1.5,0.55,0.8,0.15,10,12,38,20,41,26,15,63.41463414634146,939.0950000000049,22.904756097561094,4.964684524940429,51.999999999998636,913.0950000000056,54.610487804878176,19.376829268292706,18,11,12,58,20,38,34.48275862068966,74.66500000001736,1.2873275862071958,1.1196276506260872,182.72499999999354,-16.697499999979414,50.41948275862067,19.48991379310344,10,27,21
5,60,1.5,0.55,1.0,0.15,10,12,38,20,41,26,15,63.41463414634146,939.0950000000049,22.904756097561094,4.964684524940429,51.999999999998636,913.0950000000056,54.610487804878176,19.376829268292706,18,11,12,58,20,38,34.48275862068966,74.66500000001736,1.2873275862071958,1.1196276506260872,182.72499999999354,-16.697499999979414,50.41948275862067,19.48991379310344,10,27,21
5,60,1.5,0.55,1.2,0.15,10,12,38,20,41,26,15,63.41463414634146,939.0950000000049,22.904756097561094,4.964684524940429,51.999999999998636,913.0950000000056,54.610487804878176,19.376829268292706,18,11,12,58,20,38,34.48275862068966,71.01900000001683,1.2244655172416694,1.1131252279819535,186.37099999999407,-22.166499999980203,50.41948275862067,19.598241379310334,10,27,21
5,60,1.8,0.55,0.8,0.15,10,12,38,20,41,26,15,63.41463414634146,939.0950000000049,22.904756097561094,4.964684524940429,51.999999999998636,913.0950000000056,54.610487804878176,19.376829268292706,18,11,12,58,20,38,34.48275862068966,74.66500000001736,1.2873275862071958,1.1196276506260872,182.72499999999354,-16.697499999979414,50.41948275862067,19.48991379310344,10,27,21
5,60,1.8,0.55,1.0,0.15,10,12,38,20,41,26,15,63.41463414634146,939.0950000000049,22.904756097561094,4.964684524940429,51.999999999998636,913.0950000000056,54.610487804878176,19.376829268292706,18,11,12,58,20,38,34.48275862068966,74.66500000001736,1.2873275862071958,1.1196276506260872,182.72499999999354,-16.697499999979414,50.41948275862067,19.48991379310344,10,27,21
5,60,1.8,0.55,1.2,0.15,10,12,38,20,41,26,15,63.41463414634146,939.0950000000049,22.904756097561094,4.964684524940429,51.999999999998636,913.0950000000056,54.610487804878176,19.376829268292706,18,11,12,58,20,38,34.48275862068966,71.01900000001683,1.2244655172416694,1.1131252279819535,186.37099999999407,-22.166499999980203,50.41948275862067,19.598241379310334,10,27,21
5,60,1.5,0.55,0.8,0.15,14,12,38,20,41,26,15,63.41463414634146,937.5300000000061,22.86658536585381,4.958077385852767,51.999999999998636,911.5300000000068,55.309756097561106,19.376829268292706,17,11,13,58,20,38,34.48275862068966,79.08000000001607,1.363448275862346,1.1267013274159339,182.72499999999354,-12.2824999999807,51.00655172413788,19.48991379310344,10,27,21
5,60,1.5,0.55,1.0,0.15,14,12,38,20,41,26,15,63.41463414634146,937.5300000000061,22.86658536585381,4.958077385852767,51.999999999998636,911.5300000000068,55.309756097561106,19.376829268292706,17,11,13,58,20,38,34.48275862068966,79.08000000001607,1.363448275862346,1.1267013274159339,182.72499999999354,-12.2824999999807,51.00655172413788,19.48991379310344,10,27,21
5,60,1.5,0.55,1.2,0.15,14,12,38,20,41,26,15,63.41463414634146,937.5300000000061,22.86658536585381,4.958077385852767,51.999999999998636,911.5300000000068,55.309756097561106,19.376829268292706,17,11,13,58,20,38,34.48275862068966,75.43400000001554,1.3005862068968197,1.1201578232246359,186.37099999999407,-17.75149999998149,51.00655172413788,19.598241379310334,10,27,21
5,60,1.8,0.55,0.8,0.15,14,12,38,20,41,26,15,63.41463414634146,937.5300000000061,22.86658536585381,4.958077385852767,51.999999999998636,911.5300000000068,55.309756097561106,19.376829268292706,17,11,13,58,20,38,34.48275862068966,79.08000000001607,1.363448275862346,1.1267013274159339,182.72499999999354,-12.2824999999807,51.00655172413788,19.48991379310344,10,27,21
5,60,1.8,0.55,1.0,0.15,14,12,38,20,41,26,15,63.41463414634146,937.5300000000061,22.86658536585381,4.958077385852767,51.999999999998636,911.5300000000068,55.309756097561106,19.376829268292706,17,11,13,58,20,38,34.48275862068966,79.08000000001607,1.363448275862346,1.1267013274159339,182.72499999999354,-12.2824999999807,51.00655172413788,19.48991379310344,10,27,21
5,60,1.8,0.55,1.2,0.15,14,12,38,20,41,26,15,63.41463414634146,937.5300000000061,22.86658536585381,4.958077385852767,51.999999999998636,911.5300000000068,55.309756097561106,19.376829268292706,17,11,13,58,20,38,34.48275862068966,75.43400000001554,1.3005862068968197,1.1201578232246359,186.37099999999407,-17.75149999998149,51.00655172413788,19.598241379310334,10,27,21
5,60,1.5,0.55,0.8,0.15,22,12,38,20,40,25,15,62.5,930.0900000000042,23.252250000000107,4.926667088848135,51.999999999998636,904.0900000000049,57.99550000000016,19.561250000000022,15,11,14,58,20,38,34.48275862068966,95.08000000001658,1.639310344827872,1.1523363961900182,182.72499999999354,3.717500000019811,52.76749999999997,19.48991379310344,10,27,21
5,60,1.5,0.55,1.0,0.15,22,12,38,20,40,25,15,62.5,930.0900000000042,23.252250000000107,4.926667088848135,51.999999999998636,904.0900000000049,57.99550000000016,19.561250000000022,15,11,14,58,20,38,34.48275862068966,95.08000000001658,1.639310344827872,1.1523363961900182,182.72499999999354,3.717500000019811,52.76749999999997,19.48991379310344,10,27,21
5,60,1.5,0.55,1.2,0.15,22,12,38,20,40,25,15,62.5,930.0900000000042,23.252250000000107,4.926667088848135,51.999999999998636,904.0900000000049,57.99550000000016,19.561250000000022,15,11,14,58,20,38,34.48275862068966,91.43400000001606,1.5764482758623457,1.1456440120995972,186.37099999999407,-1.7514999999809788,52.76749999999997,19.598241379310334,10,27,21
5,60,1.8,0.55,0.8,0.15,22,12,38,20,40,25,15,62.5,930.0900000000042,23.252250000000107,4.926667088848135,51.999999999998636,904.0900000000049,57.99550000000016,19.561250000000022,15,11,14,58,20,38,34.48275862068966,95.08000000001658,1.639310344827872,1.1523363961900182,182.72499999999354,3.717500000019811,52.76749999999997,19.48991379310344,10,27,21
5,60,1.8,0.55,1.0,0.15,22,12,38,20,40,25,15,62.5,930.0900000000042,23.252250000000107,4.926667088848135,51.999999999998636,904.0900000000049,57.99550000000016,19.561250000000022,15,11,14,58,20,38,34.48275862068966,95.08000000001658,1.639310344827872,1.1523363961900182,182.72499999999354,3.717500000019811,52.76749999999997,19.48991379310344,10,27,21
5,60,1.8,0.55,1.2,0.15,22,12,38,20,40,25,15,62.5,930.0900000000042,23.252250000000107,4.926667088848135,51.999999999998636,904.0900000000049,57.99550000000016,19.561250000000022,15,11,14,58,20,38,34.48275862068966,91.43400000001606,1.5764482758623457,1.1456440120995972,186.37099999999407,-1.7514999999809788,52.76749999999997,19.598241379310334,10,27,21
5,60,1.5,0.55,0.8,0.15,18,12,38,20,40,25,15,62.5,929.3900000000062,23.234750000000155,4.923711818968677,51.999999999998636,903.3900000000069,56.99550000000016,19.561250000000022,16,11,13,58,20,38,34.48275862068966,87.08000000001744,1.5013793103451283,1.139518861802978,182.72499999999354,-4.282499999979336,51.870948275862034,19.48991379310344,10,27,21
5,60,1.5,0.55,1.0,0.15,18,12,38,20,40,25,15,62.5,929.3900000000062,23.234750000000155,4.923711818968677,51.999999999998636,903.3900000000069,56.99550000000016,19.561250000000022,16,11,13,58,20,38,34.48275862068966,87.08000000001744,1.5013793103451283,1.139518861802978,182.72499999999354,-4.282499999979336,51.870948275862034,19.48991379310344,10,27,21
5,60,1.5,0.55,1.2,0.15,18,12,38,20,40,25,15,62.5,929.3900000000062,23.234750000000155,4.923711818968677,51.999999999998636,903.3900000000069,56.99550000000016,19.561250000000022,16,11,13,58,20,38,34.48275862068966,83.43400000001691,1.438517241379602,1.1329009176621183,186.37099999999407,-9.751499999980126,51.870948275862034,19.598241379310334,10,27,21
5,60,1.8,0.55,0.8,0.15,18,12,38,20,40,25,15,62.5,929.3900000000062,23.234750000000155,4.923711818968677,51.999999999998636,903.3900000000069,56.99550000000016,19.561250000000022,16,11,13,58,20,38,34.48275862068966,87.08000000001744,1.5013793103451283,1.139518861802978,182.72499999999354,-4.282499999979336,51.870948275862034,19.48991379310344,10,27,21
5,60,1.8,0.55,1.0,0.15,18,12,38,20,40,25,15,62.5,929.3900000000062,23.234750000000155,4.923711818968677,51.999999999998636,903.3900000000069,56.99550000000016,19.561250000000022,16,11,13,58,20,38,34.48275862068966,87.08000000001744,1.5013793103451283,1.139518861802978,182.72499999999354,-4.282499999979336,51.870948275862034,19.48991379310344,10,27,21
5,60,1.8,0.55,1.2,0.15,18,12,38,20,40,25,15,62.5,929.3900000000062,23.234750000000155,4.923711818968677,51.999999999998636,903.3900000000069,56.99550000000016,19.561250000000022,16,11,13,58,20,38,34.48275862068966,83.43400000001691,1.438517241379602,1.1329009176621183,186.37099999999407,-9.751499999980126,51.870948275862034,19.598241379310334,10,27,21
5,60,1.5,0.55,0.8,0.15,10,12,34,20,41,26,15,63.41463414634146,927.9650000000079,22.63329268292702,4.917695733856911,51.999999999998636,901.9650000000086,54.14390243902454,19.376829268292706,18,11,12,58,21,37,36.206896551724135,121.32000000001858,2.091724137931355,1.2008127188009856,182.72499999999354,29.95750000002181,49.69663793103443,19.48991379310344,11,26,21
5,60,1.5,0.55,1.0,0.15,10,12,34,20,41,26,15,63.41463414634146,927.9650000000079,22.63329268292702,4.917695733856911,51.999999999998636,901.9650000000086,54.14390243902454,19.376829268292706,18,11,12,58,21,37,36.206896551724135,121.32000000001858,2.091724137931355,1.2008127188009856,182.72499999999354,29.95750000002181,49.69663793103443,19.48991379310344,11,26,21
5,60,1.5,0.55,1.2,0.15,10,12,34,20,41,26,15,63.41463414634146,927.9650000000079,22.63329268292702,4.917695733856911,51.999999999998636,901.9650000000086,54.14390243902454,19.376829268292706,18,11,12,58,21,37,36.206896551724135,117.67400000001805,2.0288620689658283,1.1936093163604278,186.37099999999407,24.48850000002102,49.69663793103443,19.598241379310334,11,26,21
5,60,1.8,0.55,0.8,0.15,10,12,34,20,41,26,15,63.41463414634146,927.9650000000079,22.63329268292702,4.917695733856911,51.999999999998636,901.9650000000086,54.14390243902454,19.376829268292706,18,11,12,58,21,37,36.206896551724135,121.32000000001858,2.091724137931355,1.2008127188009856,182.72499999999354,29.95750000002181,49.69663793103443,19.48991379310344,11,26,21
5,60,1.8,0.55,1.0,0.15,10,12,34,20,41,26,15,63.41463414634146,927.9650000000079,22.63329268292702,4.917695733856911,51.999999999998636,901.9650000000086,54.14390243902454,19.376829268292706,18,11,12,58,21,37,36.206896551724135,121.32000000001858,2.091724137931355,1.2008127188009856,182.72499999999354,29.95750000002181,49.69663793103443,19.48991379310344,11,26,21
5,60,1.8,0.55,1.2,0.15,10,12,34,20,41,26,15,63.41463414634146,927.9650000000079,22.63329268292702,4.917695733856911,51.999999999998636,901.9650000000086,54.14390243902454,19.376829268292706,18,11,12,58,21,37,36.206896551724135,117.67400000001805,2.0288620689658283,1.1936093163604278,186.37099999999407,24.48850000002102,49.69663793103443,19.598241379310334,11,26,21
5,60,1.5,0.55,0.8,0.15,14,12,34,20,41,26,15,63.41463414634146,926.400000000009,22.59512195121973,4.91108859476925,51.999999999998636,900.4000000000096,54.84317073170747,19.376829268292706,17,11,13,58,21,37,36.206896551724135,125.7350000000173,2.167844827586505,1.2081205670824393,182.72499999999354,34.37250000002052,50.28370689655164,19.48991379310344,11,26,21
5,60,1.5,0.55,1.0,0.15,14,12,34,20,41,26,15,63.41463414634146,926.400000000009,22.59512195121973,4.91108859476925,51.999999999998636,900.4000000000096,54.84317073170747,19.376829268292706,17,11,13,58,21,37,36.206896551724135,125.7350000000173,2.167844827586505,1.2081205670824393,182.72499999999354,34.37250000002052,50.28370689655164,19.48991379310344,11,26,21
5,60,1.5,0.55,1.2,0.15,14,12,34,20,41,26,15,63.41463414634146,926.400000000009,22.59512195121973,4.91108859476925,51.999999999998636,900.4000000000096,54.84317073170747,19.376829268292706,17,11,13,58,21,37,36.206896551724135,122.08900000001677,2.1049827586209786,1.2008733265218134,186.37099999999407,28.903500000019733,50.28370689655164,19.598241379310334,11,26,21
5,60,1.8,0.55,0.8,0.15,14,12,34,20,41,26,15,63.41463414634146,926.400000000009,22.59512195121973,4.91108859476925,51.999999999998636,900.4000000000096,54.84317073170747,19.376829268292706,17,11,13,58,21,37,36.206896551724135,125.7350000000173,2.167844827586505,1.2081205670824393,182.72499999999354,34.37250000002052,50.28370689655164,19.48991379310344,11,26,21
5,60,1.8,0.55,1.0,0.15,14,12,34,20,41,26,15,63.41463414634146,926.400000000009,22.59512195121973,4.91108859476925,51.999999999998636,900.4000000000096,54.84317073170747,19.376829268292706,17,11,13,58,21,37,36.206896551724135,125.7350000000173,2.167844827586505,1.2081205670824393,182.72499999999354,34.37250000002052,50.28370689655164,19.48991379310344,11,26,21
5,60,1.8,0.55,1.2,0.15,14,12,34,20,41,26,15,63.41463414634146,926.400000000009,22.59512195121973,4.91108859476925,51.999999999998636,900.4000000000096,54.84317073170747,19.376829268292706,17,11,13,58,21,37,36.206896551724135,122.08900000001677,2.1049827586209786,1.2008733265218134,186.37099999999407,28.903500000019733,50.28370689655164,19.598241379310334,11,26,21
5,60,1.5,0.55,0.8,0.15,10,10,38,20,41,25,16,60.97560975609756,923.475000000011,22.523780487805148,4.898739788487293,49.999999999996646,898.4750000000128,54.610487804878176,18.72987804878051,17,12,12,58,20,38,34.48275862068966,82.86500000002559,1.4287068965521654,1.1345331157814882,182.72499999999354,-8.497499999971183,50.41948275862067,18.938189655172405,10,29,19
5,60,1.5,0.55,1.0,0.15,10,10,38,20,41,25,16,60.97560975609756,923.475000000011,22.523780487805148,4.898739788487293,49.999999999996646,898.4750000000128,54.610487804878176,18.72987804878051,17,12,12,58,20,38,34.48275862068966,82.86500000002559,1.4287068965521654,1.1345331157814882,182.72499999999354,-8.497499999971183,50.41948275862067,18.938189655172405,10,29,19
5,60,1.5,0.55,1.2,0.15,10,10,38,20,41,25,16,60.97560975609756,923.475000000011,22.523780487805148,4.898739788487293,49.999999999996646,898.4750000000128,54.610487804878176,18.72987804878051,17,12,12,58,20,38,34.48275862068966,79.21900000002506,1.365844827586639,1.1278569249715185,186.37099999999407,-13.966499999971973,50.41948275862067,19.0465172413793,10,29,19
5,60,1.8,0.55,0.8,0.15,10,10,38,20,41,25,16,60.97560975609756,923.475000000011,22.523780487805148,4.898739788487293,49.999999999996646,898.4750000000128,54.610487804878176,18.72987804878051,17,12,12,58,20,38,34.48275862068966,82.86500000002559,1.4287068965521654,1.1345331157814882,182.72499999999354,-8.497499999971183,50.41948275862067,18.938189655172405,10,29,19
5,60,1.8,0.55,1.0,0.15,10,10,38,20,41,25,16,60.97560975609756,923.475000000011,22.523780487805148,4.898739788487293,49.999999999996646,898.4750000000128,54.610487804878176,18.72987804878051,17,12,12,58,20,38,34.48275862068966,82.86500000002559,1.4287068965521654,1.1345331157814882,182.72499999999354,-8.497499999971183,50.41948275862067,18.938189655172405,10,29,19
5,60,1.8,0.55,1.2,0.15,10,10,38,20,41,25,16,60.97560975609756,923.475000000011,22.523780487805148,4.898739788487293,49.999999999996646,898.4750000000128,54.610487804878176,18.72987804878051,17,12,12,58,20,38,34.48275862068966,79.21900000002506,1.365844827586639,1.1278569249715185,186.37099999999407,-13.966499999971973,50.41948275862067,19.0465172413793,10,29,19
5,60,1.5,0.55,0.8,0.15,10,12,38,24,41,26,15,63.41463414634146,927.0949999999988,22.612073170731676,4.725292829445623,60.00000000000273,897.0949999999974,54.59036585365869,20.88841463414636,18,11,12,57,21,36,36.84210526315789,89.22999999998791,1.565438596491016,1.1395789012639,162.72500000000605,7.8674999999848865,50.18956140350875,21.45736842105262,10,25,22
5,60,1.5,0.55,1.0,0.15,10,12,38,24,41,26,15,63.41463414634146,927.0949999999988,22.612073170731676,4.725292829445623,60.00000000000273,897.0949999999974,54.59036585365869,20.88841463414636,18,11,12,57,21,36,36.84210526315789,89.22999999998791,1.565438596491016,1.1395789012639,162.72500000000605,7.8674999999848865,50.18956140350875,21.45736842105262,10,25,22
5,60,1.5,0.55,1.2,0.15,10,12,38,24,41,26,15,63.41463414634146,927.0949999999988,22.612073170731676,4.725292829445623,60.00000000000273,897.0949999999974,54.59036585365869,20.88841463414636,18,11,12,57,21,36,36.84210526315789,89.22999999998791,1.565438596491016,1.1395789012639,162.72500000000605,7.8674999999848865,50.18956140350875,21.45736842105262,10,25,22
5,60,1.8,0.55,0.8,0.15,10,12,38,24,41,26,15,63.41463414634146,927.0949999999988,22.612073170731676,4.725292829445623,60.00000000000273,897.0949999999974,54.59036585365869,20.88841463414636,18,11,12,57,21,36,36.84210526315789,89.22999999998791,1.565438596491016,1.1395789012639,162.72500000000605,7.8674999999848865,50.18956140350875,21.45736842105262,10,25,22
5,60,1.8,0.55,1.0,0.15,10,12,38,24,41,26,15,63.41463414634146,927.0949999999988,22.612073170731676,4.725292829445623,60.00000000000273,897.0949999999974,54.59036585365869,20.88841463414636,18,11,12,57,21,36,36.84210526315789,89.22999999998791,1.565438596491016,1.1395789012639,162.72500000000605,7.8674999999848865,50.18956140350875,21.45736842105262,10,25,22
5,60,1.8,0.55,1.2,0.15,10,12,38,24,41,26,15,63.41463414634146,927.0949999999988,22.612073170731676,4.725292829445623,60.00000000000273,897.0949999999974,54.59036585365869,20.88841463414636,18,11,12,57,21,36,36.84210526315789,89.22999999998791,1.565438596491016,1.1395789012639,162.72500000000605,7.8674999999848865,50.18956140350875,21.45736842105262,10,25,22
5,60,1.5,0.55,0.8,0.15,14,10,38,20,41,25,16,60.97560975609756,921.9100000000122,22.48560975609786,4.89213264939963,49.999999999996646,896.910000000014,55.309756097561106,18.72987804878051,16,12,13,58,20,38,34.48275862068966,87.2800000000243,1.5048275862073155,1.141700963560103,182.72499999999354,-4.08249999997247,51.00655172413788,18.938189655172405,10,29,19
5,60,1.5,0.55,1.0,0.15,14,10,38,20,41,25,16,60.97560975609756,921.9100000000122,22.48560975609786,4.89213264939963,49.999999999996646,896.910000000014,55.309756097561106,18.72987804878051,16,12,13,58,20,38,34.48275862068966,87.2800000000243,1.5048275862073155,1.141700963560103,182.72499999999354,-4.08249999997247,51.00655172413788,18.938189655172405,10,29,19
5,60,1.5,0.55,1.2,0.15,14,10,38,20,41,25,16,60.97560975609756,921.9100000000122,22.48560975609786,4.89213264939963,49.999999999996646,896.910000000014,55.309756097561106,18.72987804878051,16,12,13,58,20,38,34.48275862068966,83.63400000002378,1.4419655172417891,1.1349825933559832,186.37099999999407,-9.55149999997326,51.00655172413788,19.0465172413793,10,29,19
5,60,1.8,0.55,0.8,0.15,14,10,38,20,41,25,16,60.97560975609756,921.9100000000122,22.48560975609786,4.89213264939963,49.999999999996646,896.910000000014,55.309756097561106,18.72987804878051,16,12,13,58,20,38,34.48275862068966,87.2800000000243,1.5048275862073155,1.141700963560103,182.72499999999354,-4.08249999997247,51.00655172413788,18.938189655172405,10,29,19
5,60,1.8,0.55,1.0,0.15,14,10,38,20,41,25,16,60.97560975609756,921.9100000000122,22.48560975609786,4.89213264939963,49.999999999996646,896.910000000014,55.309756097561106,18.72987804878051,16,12,13,58,20,38,34.48275862068966,87.2800000000243,1.5048275862073155,1.141700963560103,182.72499999999354,-4.08249999997247,51.00655172413788,18.938189655172405,10,29,19
5,60,1.8,0.55,1.2,0.15,14,10,38,20,41,25,16,60.97560975609756,921.9100000000122,22.48560975609786,4.89213264939963,49.999999999996646,896.910000000014,55.309756097561106,18.72987804878051,16,12,13,58,20,38,34.48275862068966,83.63400000002378,1.4419655172417891,1.1349825933559832,186.37099999999407,-9.55149999997326,51.00655172413788,19.0465172413793,10,29,19
5,60,1.5,0.55,0.8,0.15,14,12,38,24,41,26,15,63.41463414634146,925.53,22.57390243902439,4.7190042794285505,60.00000000000273,895.5299999999986,55.28963414634162,20.88841463414636,17,11,13,57,21,36,36.84210526315789,93.64499999998662,1.6428947368418705,1.1464851082467535,162.72500000000605,12.2824999999836,50.78692982456135,21.45736842105262,10,25,22
5,60,1.5,0.55,1.0,0.15,14,12,38,24,41,26,15,63.41463414634146,925.53,22.57390243902439,4.7190042794285505,60.00000000000273,895.5299999999986,55.28963414634162,20.88841463414636,17,11,13,57,21,36,36.84210526315789,93.64499999998662,1.6428947368418705,1.1464851082467535,162.72500000000605,12.2824999999836,50.78692982456135,21.45736842105262,10,25,22
5,60,1.5,0.55,1.2,0.15,14,12,38,24,41,26,15,63.41463414634146,925.53,22.57390243902439,4.7190042794285505,60.00000000000273,895.5299999999986,55.28963414634162,20.88841463414636,17,11,13,57,21,36,36.84210526315789,93.64499999998662,1.6428947368418705,1.1464851082467535,162.72500000000605,12.2824999999836,50.78692982456135,21.45736842105262,10,25,22
5,60,1.8,0.55,0.8,0.15,14,12,38,24,41,26,15,63.41463414634146,925.53,22.57390243902439,4.7190042794285505,60.00000000000273,895.5299999999986,55.28963414634162,20.88841463414636,17,11,13,57,21,36,36.84210526315789,93.64499999998662,1.6428947368418705,1.1464851082467535,162.72500000000605,12.2824999999836,50.78692982456135,21.45736842105262,10,25,22
5,60,1.8,0.55,1.0,0.15,14,12,38,24,41,26,15,63.41463414634146,925.53,22.57390243902439,4.7190042794285505,60.00000000000273,895.5299999999986,55.28963414634162,20.88841463414636,17,11,13,57,21,36,36.84210526315789,93.64499999998662,1.6428947368418705,1.1464851082467535,162.72500000000605,12.2824999999836,50.78692982456135,21.45736842105262,10,25,22
5,60,1.8,0.55,1.2,0.15,14,12,38,24,41,26,15,63.41463414634146,925.53,22.57390243902439,4.7190042794285505,60.00000000000273,895.5299999999986,55.28963414634162,20.88841463414636,17,11,13,57,21,36,36.84210526315789,93.64499999998662,1.6428947368418705,1.1464851082467535,162.72500000000605,12.2824999999836,50.78692982456135,21.45736842105262,10,25,22
5,60,1.5,0.55,0.8,0.15,10,8,38,20,42,24,18,57.14285714285714,918.075000000008,21.858928571428763,4.811574948622804,47.999999999996874,894.0750000000096,54.005595238095374,17.855357142857162,17,14,11,58,20,38,34.48275862068966,96.86500000002405,1.6700862068969664,1.1609200176096282,182.72499999999354,5.502500000027283,50.41948275862067,18.38646551724137,10,29,19
5,60,1.5,0.55,1.0,0.15,10,8,38,20,42,24,18,57.14285714285714,918.075000000008,21.858928571428763,4.811574948622804,47.999999999996874,894.0750000000096,54.005595238095374,17.855357142857162,17,14,11,58,20,38,34.48275862068966,96.86500000002405,1.6700862068969664,1.1609200176096282,182.72499999999354,5.502500000027283,50.41948275862067,18.38646551724137,10,29,19
5,60,1.5,0.55,1.2,0.15,10,8,38,20,42,24,18,57.14285714285714,918.075000000008,21.858928571428763,4.811574948622804,47.999999999996874,894.0750000000096,54.005595238095374,17.855357142857162,17,14,11,58,20,38,34.48275862068966,93.21900000002353,1.60722413793144,1.153930623143387,186.37099999999407,0.03350000002649267,50.41948275862067,18.494793103448266,10,29,19
5,60,1.8,0.55,0.8,0.15,10,8,38,20,42,24,18,57.14285714285714,918.075000000008,21.858928571428763,4.811574948622804,47.999999999996874,894.0750000000096,54.005595238095374,17.855357142857162,17,14,11,58,20,38,34.48275862068966,96.86500000002405,1.6700862068969664,1.1609200176096282,182.72499999999354,5.502500000027283,50.41948275862067,18.38646551724137,10,29,19
5,60,1.8,0.55,1.0,0.15,10,8,38,20,42,24,18,57.14285714285714,918.075000000008,21.858928571428763,4.811574948622804,47.999999999996874,894.0750000000096,54.005595238095374,17.855357142857162,17,14,11,58,20,38,34.48275862068966,96.86500000002405,1.6700862068969664,1.1609200176096282,182.72499999999354,5.502500000027283,50.41948275862067,18.38646551724137,10,29,19
5,60,1.8,0.55,1.2,0.15,10,8,38,20,42,24,18,57.14285714285714,918.075000000008,21.858928571428763,4.811574948622804,47.999999999996874,894.0750000000096,54.005595238095374,17.855357142857162,17,14,11,58,20,38,34.48275862068966,93.21900000002353,1.60722413793144,1.153930623143387,186.37099999999407,0.03350000002649267,50.41948275862067,18.494793103448266,10,29,19
5,60,1.5,0.55,0.8,0.15,10,12,30,20,41,26,15,63.41463414634146,919.9650000000094,22.438170731707544,4.8839212209487215,51.999999999998636,893.96500000001,53.75365853658551,19.376829268292706,18,11,12,58,21,37,36.206896551724135,116.76000000002068,2.0131034482762185,1.193264861912328,182.72499999999354,25.39750000002391,49.24551724137927,19.48991379310344,11,26,21
5,60,1.5,0.55,1.0,0.15,10,12,30,20,41,26,15,63.41463414634146,919.9650000000094,22.438170731707544,4.8839212209487215,51.999999999998636,893.96500000001,53.75365853658551,19.376829268292706,18,11,12,58,21,37,36.206896551724135,116.76000000002068,2.0131034482762185,1.193264861912328,182.72499999999354,25.39750000002391,49.24551724137927,19.48991379310344,11,26,21
5,60,1.5,0.55,1.2,0.15,10,12,30,20,41,26,15,63.41463414634146,919.9650000000094,22.438170731707544,4.8839212209487215,51.999999999998636,893.96500000001,53.75365853658551,19.376829268292706,18,11,12,58,21,37,36.206896551724135,113.11400000002016,1.9502413793106923,1.1861067373488958,186.37099999999407,19.92850000002312,49.24551724137927,19.598241379310334,11,26,21
5,60,1.8,0.55,0.8,0.15,10,12,30,20,41,26,15,63.41463414634146,919.9650000000094,22.438170731707544,4.8839212209487215,51.999999999998636,893.96500000001,53.75365853658551,19.376829268292706,18,11,12,58,21,37,36.206896551724135,116.76000000002068,2.0131034482762185,1.193264861912328,182.72499999999354,25.39750000002391,49.24551724137927,19.48991379310344,11,26,21
5,60,1.8,0.55,1.0,0.15,10,12,30,20,41,26,15,63.41463414634146,919.9650000000094,22.438170731707544,4.8839212209487215,51.999999999998636,893.96500000001,53.75365853658551,19.376829268292706,18,11,12,58,21,37,36.206896551724135,116.76000000002068,2.0131034482762185,1.193264861912328,182.72499999999354,25.39750000002391,49.24551724137927,19.48991379310344,11,26,21
5,60,1.8,0.55,1.2,0.15,10,12,30,20,41,26,15,63.41463414634146,919.9650000000094,22.438170731707544,4.8839212209487215,51.999999999998636,893.96500000001,53.75365853658551,19.376829268292706,18,11,12,58,21,37,36.206896551724135,113.11400000002016,1.9502413793106923,1.1861067373488958,186.37099999999407,19.92850000002312,49.24551724137927,19.598241379310334,11,26,21
5,60,1.5,0.55,0.8,0.15,22,12,34,20,40,25,15,62.5,918.960000000007,22.974000000000174,4.879678297764619,51.999999999998636,892.9600000000077,57.51725000000018,19.561250000000022,15,11,14,58,21,37,36.206896551724135,141.73500000001775,2.44370689655203,1.2346042754637068,182.72499999999354,50.37250000002098,52.044655172413734,19.48991379310344,11,26,21
5,60,1.5,0.55,1.0,0.15,22,12,34,20,40,25,15,62.5,918.960000000007,22.974000000000174,4.879678297764619,51.999999999998636,892.9600000000077,57.51725000000018,19.561250000000022,15,11,14,58,21,37,36.206896551724135,141.73500000001775,2.44370689655203,1.2346042754637068,182.72499999999354,50.37250000002098,52.044655172413734,19.48991379310344,11,26,21
5,60,1.5,0.55,1.2,0.15,22,12,34,20,40,25,15,62.5,918.960000000007,22.974000000000174,4.879678297764619,51.999999999998636,892.9600000000077,57.51725000000018,19.561250000000022,15,11,14,58,21,37,36.206896551724135,138.08900000001722,2.380844827586504,1.2271981651587804,186.37099999999407,44.90350000002019,52.044655172413734,19.598241379310334,11,26,21
5,60,1.8,0.55,0.8,0.15,22,12,34,20,40,25,15,62.5,918.960000000007,22.974000000000174,4.879678297764619,51.999999999998636,892.9600000000077,57.51725000000018,19.561250000000022,15,11,14,58,21,37,36.206896551724135,141.73500000001775,2.44370689655203,1.2346042754637068,182.72499999999354,50.37250000002098,52.044655172413734,19.48991379310344,11,26,21
5,60,1.8,0.55,1.0,0.15,22,12,34,20,40,25,15,62.5,918.960000000007,22.974000000000174,4.879678297764619,51.999999999998636,892.9600000000077,57.51725000000018,19.561250000000022,15,11,14,58,21,37,36.206896551724135,141.73500000001775,2.44370689655203,1.2346042754637068,182.72499999999354,50.37250000002098,52.044655172413734,19.48991379310344,11,26,21
5,60,1.8,0.55,1.2,0.15,22,12,34,20,40,25,15,62.5,918.960000000007,22.974000000000174,4.879678297764619,51.999999999998636,892.9600000000077,57.51725000000018,19.561250000000022,15,11,14,58,21,37,36.206896551724135,138.08900000001722,2.380844827586504,1.2271981651587804,186.37099999999407,44.90350000002019,52.044655172413734,19.598241379310334,11,26,21
5,60,1.5,0.55,0.8,0.15,14,8,38,20,42,24,18,57.14285714285714,916.5100000000091,21.821666666666882,4.805077533058073,47.99999999999682,892.5100000000107,54.68821428571443,17.855357142857162,16,14,12,58,20,38,34.48275862068966,101.28000000002277,1.7462068965521167,1.1682545747535513,182.72499999999354,9.917500000025996,51.00655172413788,18.38646551724137,10,29,19
5,60,1.5,0.55,1.0,0.15,14,8,38,20,42,24,18,57.14285714285714,916.5100000000091,21.821666666666882,4.805077533058073,47.99999999999682,892.5100000000107,54.68821428571443,17.855357142857162,16,14,12,58,20,38,34.48275862068966,101.28000000002277,1.7462068965521167,1.1682545747535513,182.72499999999354,9.917500000025996,51.00655172413788,18.38646551724137,10,29,19
5,60,1.5,0.55,1.2,0.15,14,8,38,20,42,24,18,57.14285714285714,916.5100000000091,21.821666666666882,4.805077533058073,47.99999999999682,892.5100000000107,54.68821428571443,17.855357142857162,16,14,12,58,20,38,34.48275862068966,97.63400000002224,1.6833448275865903,1.1612210221090238,186.37099999999407,4.448500000025206,51.00655172413788,18.494793103448266,10,29,19
5,60,1.8,0.55,0.8,0.15,14,8,38,20,42,24,18,57.14285714285714,916.5100000000091,21.821666666666882,4.805077533058073,47.99999999999682,892.5100000000107,54.68821428571443,17.855357142857162,16,14,12,58,20,38,34.48275862068966,101.28000000002277,1.7462068965521167,1.1682545747535513,182.72499999999354,9.917500000025996,51.00655172413788,18.38646551724137,10,29,19
5,60,1.8,0.55,1.0,0.15,14,8,38,20,42,24,18,57.14285714285714,916.5100000000091,21.821666666666882,4.805077533058073,47.99999999999682,892.5100000000107,54.68821428571443,17.855357142857162,16,14,12,58,20,38,34.48275862068966,101.28000000002277,1.7462068965521167,1.1682545747535513,182.72499999999354,9.917500000025996,51.00655172413788,18.38646551724137,10,29,19
5,60,1.8,0.55,1.2,0.15,14,8,38,20,42,24,18,57.14285714285714,916.5100000000091,21.821666666666882,4.805077533058073,47.99999999999682,892.5100000000107,54.68821428571443,17.855357142857162,16,14,12,58,20,38,34.48275862068966,97.63400000002224,1.6833448275865903,1.1612210221090238,186.37099999999407,4.448500000025206,51.00655172413788,18.494793103448266,10,29,19
5,60,1.5,0.55,0.8,0.15,14,12,30,20,41,26,15,63.41463414634146,918.4000000000106,22.400000000000258,4.877314081861059,51.999999999998636,892.4000000000112,54.45292682926845,19.376829268292706,17,11,13,58,21,37,36.206896551724135,121.1750000000194,2.0892241379313687,1.2005727101937818,182.72499999999354,29.812500000022624,49.83258620689648,19.48991379310344,11,26,21
5,60,1.5,0.55,1.0,0.15,14,12,30,20,41,26,15,63.41463414634146,918.4000000000106,22.400000000000258,4.877314081861059,51.999999999998636,892.4000000000112,54.45292682926845,19.376829268292706,17,11,13,58,21,37,36.206896551724135,121.1750000000194,2.0892241379313687,1.2005727101937818,182.72499999999354,29.812500000022624,49.83258620689648,19.48991379310344,11,26,21
5,60,1.5,0.55,1.2,0.15,14,12,30,20,41,26,15,63.41463414634146,918.4000000000106,22.400000000000258,4.877314081861059,51.999999999998636,892.4000000000112,54.45292682926845,19.376829268292706,17,11,13,58,21,37,36.206896551724135,117.52900000001887,2.0263620689658426,1.1933707475102815,186.37099999999407,24.343500000021834,49.83258620689648,19.598241379310334,11,26,21
5,60,1.8,0.55,0.8,0.15,14,12,30,20,41,26,15,63.41463414634146,918.4000000000106,22.400000000000258,4.877314081861059,51.999999999998636,892.4000000000112,54.45292682926845,19.376829268292706,17,11,13,58,21,37,36.206896551724135,121.1750000000194,2.0892241379313687,1.2005727101937818,182.72499999999354,29.812500000022624,49.83258620689648,19.48991379310344,11,26,21
5,60,1.8,0.55,1.0,0.15,14,12,30,20,41,26,15,63.41463414634146,918.4000000000106,22.400000000000258,4.877314081861059,51.999999999998636,892.4000000000112,54.45292682926845,19.376829268292706,17,11,13,58,21,37,36.206896551724135,121.1750000000194,2.0892241379313687,1.2005727101937818,182.72499999999354,29.812500000022624,49.83258620689648,19.48991379310344,11,26,21
5,60,1.8,0.55,1.2,0.15,14,12,30,20,41,26,15,63.41463414634146,918.4000000000106,22.400000000000258,4.877314081861059,51.999999999998636,892.4000000000112,54.45292682926845,19.376829268292706,17,11,13,58,21,37,36.206896551724135,117.52900000001887,2.0263620689658426,1.1933707475102815,186.37099999999407,24.343500000021834,49.83258620689648,19.598241379310334,11,26,21
5,60,1.5,0.55,0.8,0.15,18,12,34,20,40,25,15,62.5,918.2600000000091,22.956500000000226,4.87672302788516,51.999999999998636,892.2600000000098,56.51725000000018,19.561250000000022,16,11,13,58,21,37,36.206896551724135,133.73500000001866,2.305775862069287,1.221362421273075,182.72499999999354,42.37250000002189,51.148103448275805,19.48991379310344,11,26,21
5,60,1.5,0.55,1.0,0.15,18,12,34,20,40,25,15,62.5,918.2600000000091,22.956500000000226,4.87672302788516,51.999999999998636,892.2600000000098,56.51725000000018,19.561250000000022,16,11,13,58,21,37,36.206896551724135,133.73500000001866,2.305775862069287,1.221362421273075,182.72499999999354,42.37250000002189,51.148103448275805,19.48991379310344,11,26,21
5,60,1.5,0.55,1.2,0.15,18,12,34,20,40,25,15,62.5,918.2600000000091,22.956500000000226,4.87672302788516,51.999999999998636,892.2600000000098,56.51725000000018,19.561250000000022,16,11,13,58,21,37,36.206896551724135,130.08900000001813,2.242913793103761,1.2140357458402988,186.37099999999407,36.9035000000211,51.148103448275805,19.598241379310334,11,26,21
5,60,1.8,0.55,0.8,0.15,18,12,34,20,40,25,15,62.5,918.2600000000091,22.956500000000226,4.87672302788516,51.999999999998636,892.2600000000098,56.51725000000018,19.561250000000022,16,11,13,58,21,37,36.206896551724135,133.73500000001866,2.305775862069287,1.221362421273075,182.72499999999354,42.37250000002189,51.148103448275805,19.48991379310344,11,26,21
5,60,1.8,0.55,1.0,0.15,18,12,34,20,40,25,15,62.5,918.2600000000091,22.956500000000226,4.87672302788516,51.999999999998636,892.2600000000098,56.51725000000018,19.561250000000022,16,11,13,58,21,37,36.206896551724135,133.73500000001866,2.305775862069287,1.221362421273075,182.72499999999354,42.37250000002189,51.148103448275805,19.48991379310344,11,26,21
5,60,1.8,0.55,1.2,0.15,18,12,34,20,40,25,15,62.5,918.2600000000091,22.956500000000226,4.87672302788516,51.999999999998636,892.2600000000098,56.51725000000018,19.561250000000022,16,11,13,58,21,37,36.206896551724135,130.08900000001813,2.242913793103761,1.2140357458402988,186.37099999999407,36.9035000000211,51.148103448275805,19.598241379310334,11,26,21
5,60,1.5,0.55,0.8,0.15,22,12,38,24,40,25,15,62.5,918.0899999999981,22.952249999999953,4.689108552829784,60.00000000000273,888.0899999999967,57.97487500000019,21.11062500000002,15,11,14,57,21,36,36.84210526315789,109.64499999998708,1.9235964912278434,1.1715132649230144,162.72500000000605,28.282499999984054,52.578771929824526,21.45736842105262,10,25,22
5,60,1.5,0.55,1.0,0.15,22,12,38,24,40,25,15,62.5,918.0899999999981,22.952249999999953,4.689108552829784,60.00000000000273,888.0899999999967,57.97487500000019,21.11062500000002,15,11,14,57,21,36,36.84210526315789,109.64499999998708,1.9235964912278434,1.1715132649230144,162.72500000000605,28.282499999984054,52.578771929824526,21.45736842105262,10,25,22
5,60,1.5,0.55,1.2,0.15,22,12,38,24,40,25,15,62.5,918.0899999999981,22.952249999999953,4.689108552829784,60.00000000000273,888.0899999999967,57.97487500000019,21.11062500000002,15,11,14,57,21,36,36.84210526315789,109.64499999998708,1.9235964912278434,1.1715132649230144,162.72500000000605,28.282499999984054,52.578771929824526,21.45736842105262,10,25,22
5,60,1.8,0.55,0.8,0.15,22,12,38,24,40,25,15,62.5,918.0899999999981,22.952249999999953,4.689108552829784,60.00000000000273,888.0899999999967,57.97487500000019,21.11062500000002,15,11,14,57,21,36,36.84210526315789,109.64499999998708,1.9235964912278434,1.1715132649230144,162.72500000000605,28.282499999984054,52.578771929824526,21.45736842105262,10,25,22
5,60,1.8,0.55,1.0,0.15,22,12,38,24,40,25,15,62.5,918.0899999999981,22.952249999999953,4.689108552829784,60.00000000000273,888.0899999999967,57.97487500000019,21.11062500000002,15,11,14,57,21,36,36.84210526315789,109.64499999998708,1.9235964912278434,1.1715132649230144,162.72500000000605,28.282499999984054,52.578771929824526,21.45736842105262,10,25,22
5,60,1.8,0.55,1.2,0.15,22,12,38,24,40,25,15,62.5,918.0899999999981,22.952249999999953,4.689108552829784,60.00000000000273,888.0899999999967,57.97487500000019,21.11062500000002,15,11,14,57,21,36,36.84210526315789,109.64499999998708,1.9235964912278434,1.1715132649230144,162.72500000000605,28.282499999984054,52.578771929824526,21.45736842105262,10,25,22
5,60,1.5,0.55,0.8,0.15,18,12,38,24,40,25,15,62.5,917.3900000000001,22.93475,4.686295782854103,60.00000000000273,887.3899999999987,56.97487500000019,21.11062500000002,16,11,13,57,21,36,36.84210526315789,101.64499999998793,1.783245614034876,1.1589991865848857,162.72500000000605,20.282499999984907,51.66649122807014,21.45736842105262,10,25,22
5,60,1.5,0.55,1.0,0.15,18,12,38,24,40,25,15,62.5,917.3900000000001,22.93475,4.686295782854103,60.00000000000273,887.3899999999987,56.97487500000019,21.11062500000002,16,11,13,57,21,36,36.84210526315789,101.64499999998793,1.783245614034876,1.1589991865848857,162.72500000000605,20.282499999984907,51.66649122807014,21.45736842105262,10,25,22
5,60,1.5,0.55,1.2,0.15,18,12,38,24,40,25,15,62.5,917.3900000000001,22.93475,4.686295782854103,60.00000000000273,887.3899999999987,56.97487500000019,21.11062500000002,16,11,13,57,21,36,36.84210526315789,101.64499999998793,1.783245614034876,1.1589991865848857,162.72500000000605,20.282499999984907,51.66649122807014,21.45736842105262,10,25,22
5,60,1.8,0.55,0.8,0.15,18,12,38,24,40,25,15,62.5,917.3900000000001,22.93475,4.686295782854103,60.00000000000273,887.3899999999987,56.97487500000019,21.11062500000002,16,11,13,57,21,36,36.84210526315789,101.64499999998793,1.783245614034876,1.1589991865848857,162.72500000000605,20.282499999984907,51.66649122807014,21.45736842105262,10,25,22
5,60,1.8,0.55,1.0,0.15,18,12,38,24,40,25,15,62.5,917.3900000000001,22.93475,4.686295782854103,60.00000000000273,887.3899999999987,56.97487500000019,21.11062500000002,16,11,13,57,21,36,36.84210526315789,101.64499999998793,1.783245614034876,1.1589991865848857,162.72500000000605,20.282499999984907,51.66649122807014,21.45736842105262,10,25,22
5,60,1.8,0.55,1.2,0.15,18,12,38,24,40,25,15,62.5,917.3900000000001,22.93475,4.686295782854103,60.00000000000273,887.3899999999987,56.97487500000019,21.11062500000002,16,11,13,57,21,36,36.84210526315789,101.64499999998793,1.783245614034876,1.1589991865848857,162.72500000000605,20.282499999984907,51.66649122807014,21.45736842105262,10,25,22
5,60,1.5,0.55,0.8,0.15,10,10,34,20,41,25,16,60.97560975609756,912.345000000014,22.252317073171074,4.851750997403774,49.999999999996646,887.3450000000157,54.14390243902454,18.72987804878051,17,12,12,58,21,37,36.206896551724135,129.5200000000268,2.2331034482763243,1.2173354923693156,182.72499999999354,38.15750000003004,49.69663793103443,18.938189655172405,11,28,19
5,60,1.5,0.55,1.0,0.15,10,10,34,20,41,25,16,60.97560975609756,912.345000000014,22.252317073171074,4.851750997403774,49.999999999996646,887.3450000000157,54.14390243902454,18.72987804878051,17,12,12,58,21,37,36.206896551724135,129.5200000000268,2.2331034482763243,1.2173354923693156,182.72499999999354,38.15750000003004,49.69663793103443,18.938189655172405,11,28,19
5,60,1.5,0.55,1.2,0.15,10,10,34,20,41,25,16,60.97560975609756,912.345000000014,22.252317073171074,4.851750997403774,49.999999999996646,887.3450000000157,54.14390243902454,18.72987804878051,17,12,12,58,21,37,36.206896551724135,125.87400000002629,2.170241379310798,1.2099331043995505,186.37099999999407,32.68850000002925,49.69663793103443,19.0465172413793,11,28,19
5,60,1.8,0.55,0.8,0.15,10,10,34,20,41,25,16,60.97560975609756,912.345000000014,22.252317073171074,4.851750997403774,49.999999999996646,887.3450000000157,54.14390243902454,18.72987804878051,17,12,12,58,21,37,36.206896551724135,129.5200000000268,2.2331034482763243,1.2173354923693156,182.72499999999354,38.15750000003004,49.69663793103443,18.938189655172405,11,28,19
5,60,1.8,0.55,1.0,0.15,10,10,34,20,41,25,16,60.97560975609756,912.345000000014,22.252317073171074,4.851750997403774,49.999999999996646,887.3450000000157,54.14390243902454,18.72987804878051,17,12,12,58,21,37,36.206896551724135,129.5200000000268,2.2331034482763243,1.2173354923693156,182.72499999999354,38.15750000003004,49.69663793103443,18.938189655172405,11,28,19
5,60,1.8,0.55,1.2,0.15,10,10,34,20,41,25,16,60.97560975609756,912.345000000014,22.252317073171074,4.851750997403774,49.999999999996646,887.3450000000157,54.14390243902454,18.72987804878051,17,12,12,58,21,37,36.206896551724135,125.87400000002629,2.170241379310798,1.2099331043995505,186.37099999999407,32.68850000002925,49.69663793103443,19.0465172413793,11,28,19
5,60,1.5,0.55,0.8,0.15,18,10,38,20,40,24,16,60.0,911.3900000000117,22.784750000000294,4.847719164925349,49.999999999996646,886.3900000000134,56.99550000000016,18.948125000000022,15,12,13,58,20,38,34.48275862068966,95.28000000002567,1.6427586206900977,1.1546891362053906,182.72499999999354,3.9175000000288946,51.870948275862034,18.938189655172405,10,29,19
5,60,1.5,0.55,1.0,0.15,18,10,38,20,40,24,16,60.0,911.3900000000117,22.784750000000294,4.847719164925349,49.999999999996646,886.3900000000134,56.99550000000016,18.948125000000022,15,12,13,58,20,38,34.48275862068966,95.28000000002567,1.6427586206900977,1.1546891362053906,182.72499999999354,3.9175000000288946,51.870948275862034,18.938189655172405,10,29,19
5,60,1.5,0.55,1.2,0.15,18,10,38,20,40,24,16,60.0,911.3900000000117,22.784750000000294,4.847719164925349,49.999999999996646,886.3900000000134,56.99550000000016,18.948125000000022,15,12,13,58,20,38,34.48275862068966,91.63400000002514,1.5798965517245713,1.1478943367479977,186.37099999999407,-1.5514999999718952,51.870948275862034,19.0465172413793,10,29,19
5,60,1.8,0.55,0.8,0.15,18,10,38,20,40,24,16,60.0,911.3900000000117,22.784750000000294,4.847719164925349,49.999999999996646,886.3900000000134,56.99550000000016,18.948125000000022,15,12,13,58,20,38,34.48275862068966,95.28000000002567,1.6427586206900977,1.1546891362053906,182.72499999999354,3.9175000000288946,51.870948275862034,18.938189655172405,10,29,19
5,60,1.8,0.55,1.0,0.15,18,10,38,20,40,24,16,60.0,911.3900000000117,22.784750000000294,4.847719164925349,49.999999999996646,886.3900000000134,56.99550000000016,18.948125000000022,15,12,13,58,20,38,34.48275862068966,95.28000000002567,1.6427586206900977,1.1546891362053906,182.72499999999354,3.9175000000288946,51.870948275862034,18.938189655172405,10,29,19
5,60,1.8,0.55,1.2,0.15,18,10,38,20,40,24,16,60.0,911.3900000000117,22.784750000000294,4.847719164925349,49.999999999996646,886.3900000000134,56.99550000000016,18.948125000000022,15,12,13,58,20,38,34.48275862068966,91.63400000002514,1.5798965517245713,1.1478943367479977,186.37099999999407,-1.5514999999718952,51.870948275862034,19.0465172413793,10,29,19
5,60,1.5,0.55,0.8,0.15,10,12,34,24,41,26,15,63.41463414634146,915.9650000000017,22.340609756097603,4.68056978683217,60.00000000000273,885.9650000000004,54.12378048780505,20.88841463414636,18,11,12,57,22,35,38.59649122807017,139.88499999999112,2.454122807017388,1.227351774801697,162.72500000000605,58.5224999999881,49.505964912280646,21.45736842105262,11,24,22
5,60,1.5,0.55,1.0,0.15,10,12,34,24,41,26,15,63.41463414634146,915.9650000000017,22.340609756097603,4.68056978683217,60.00000000000273,885.9650000000004,54.12378048780505,20.88841463414636,18,11,12,57,22,35,38.59649122807017,139.88499999999112,2.454122807017388,1.227351774801697,162.72500000000605,58.5224999999881,49.505964912280646,21.45736842105262,11,24,22
5,60,1.5,0.55,1.2,0.15,10,12,34,24,41,26,15,63.41463414634146,915.9650000000017,22.340609756097603,4.68056978683217,60.00000000000273,885.9650000000004,54.12378048780505,20.88841463414636,18,11,12,57,22,35,38.59649122807017,139.88499999999112,2.454122807017388,1.227351774801697,162.72500000000605,58.5224999999881,49.505964912280646,21.45736842105262,11,24,22
5,60,1.8,0.55,0.8,0.15,10,12,34,24,41,26,15,63.41463414634146,915.9650000000017,22.340609756097603,4.68056978683217,60.00000000000273,885.9650000000004,54.12378048780505,20.88841463414636,18,11,12,57,22,35,38.59649122807017,139.88499999999112,2.454122807017388,1.227351774801697,162.72500000000605,58.5224999999881,49.505964912280646,21.45736842105262,11,24,22
5,60,1.8,0.55,1.0,0.15,10,12,34,24,41,26,15,63.41463414634146,915.9650000000017,22.340609756097603,4.68056978683217,60.00000000000273,885.9650000000004,54.12378048780505,20.88841463414636,18,11,12,57,22,35,38.59649122807017,139.88499999999112,2.454122807017388,1.227351774801697,162.72500000000605,58.5224999999881,49.505964912280646,21.45736842105262,11,24,22
5,60,1.8,0.55,1.2,0.15,10,12,34,24,41,26,15,63.41463414634146,915.9650000000017,22.340609756097603,4.68056978683217,60.00000000000273,885.9650000000004,54.12378048780505,20.88841463414636,18,11,12,57,22,35,38.59649122807017,139.88499999999112,2.454122807017388,1.227351774801697,162.72500000000605,58.5224999999881,49.505964912280646,21.45736842105262,11,24,22
5,60,1.5,0.55,0.8,0.15,14,10,34,20,41,25,16,60.97560975609756,910.780000000015,22.21414634146378,4.845143858316113,49.999999999996646,885.7800000000167,54.84317073170747,18.72987804878051,16,12,13,58,21,37,36.206896551724135,133.93500000002558,2.3092241379314755,1.2247438941513573,182.72499999999354,42.57250000002881,50.28370689655164,18.938189655172405,11,28,19
5,60,1.5,0.55,1.0,0.15,14,10,34,20,41,25,16,60.97560975609756,910.780000000015,22.21414634146378,4.845143858316113,49.999999999996646,885.7800000000167,54.84317073170747,18.72987804878051,16,12,13,58,21,37,36.206896551724135,133.93500000002558,2.3092241379314755,1.2247438941513573,182.72499999999354,42.57250000002881,50.28370689655164,18.938189655172405,11,28,19
5,60,1.5,0.55,1.2,0.15,14,10,34,20,41,25,16,60.97560975609756,910.780000000015,22.21414634146378,4.845143858316113,49.999999999996646,885.7800000000167,54.84317073170747,18.72987804878051,16,12,13,58,21,37,36.206896551724135,130.28900000002506,2.2463620689659494,1.2172964570849625,186.37099999999407,37.10350000002802,50.28370689655164,19.0465172413793,11,28,19
5,60,1.8,0.55,0.8,0.15,14,10,34,20,41,25,16,60.97560975609756,910.780000000015,22.21414634146378,4.845143858316113,49.999999999996646,885.7800000000167,54.84317073170747,18.72987804878051,16,12,13,58,21,37,36.206896551724135,133.93500000002558,2.3092241379314755,1.2247438941513573,182.72499999999354,42.57250000002881,50.28370689655164,18.938189655172405,11,28,19
5,60,1.8,0.55,1.0,0.15,14,10,34,20,41,25,16,60.97560975609756,910.780000000015,22.21414634146378,4.845143858316113,49.999999999996646,885.7800000000167,54.84317073170747,18.72987804878051,16,12,13,58,21,37,36.206896551724135,133.93500000002558,2.3092241379314755,1.2247438941513573,182.72499999999354,42.57250000002881,50.28370689655164,18.938189655172405,11,28,19
5,60,1.8,0.55,1.2,0.15,14,10,34,20,41,25,16,60.97560975609756,910.780000000015,22.21414634146378,4.845143858316113,49.999999999996646,885.7800000000167,54.84317073170747,18.72987804878051,16,12,13,58,21,37,36.206896551724135,130.28900000002506,2.2463620689659494,1.2172964570849625,186.37099999999407,37.10350000002802,50.28370689655164,19.0465172413793,11,28,19
5,60,1.5,0.55,0.8,0.15,22,12,30,20,40,25,15,62.5,910.9600000000087,22.774000000000218,4.845903784856428,51.999999999998636,884.9600000000094,57.11725000000018,19.561250000000022,15,11,14,58,21,37,36.206896551724135,137.17500000001985,2.365086206896894,1.2270564185750492,182.72499999999354,45.81250000002308,51.59353448275857,19.48991379310344,11,26,21
5,60,1.5,0.55,1.0,0.15,22,12,30,20,40,25,15,62.5,910.9600000000087,22.774000000000218,4.845903784856428,51.999999999998636,884.9600000000094,57.11725000000018,19.561250000000022,15,11,14,58,21,37,36.206896551724135,137.17500000001985,2.365086206896894,1.2270564185750492,182.72499999999354,45.81250000002308,51.59353448275857,19.48991379310344,11,26,21
5,60,1.5,0.55,1.2,0.15,22,12,30,20,40,25,15,62.5,910.9600000000087,22.774000000000218,4.845903784856428,51.999999999998636,884.9600000000094,57.11725000000018,19.561250000000022,15,11,14,58,21,37,36.206896551724135,133.52900000001932,2.3022241379313675,1.2196955861472485,186.37099999999407,40.34350000002229,51.59353448275857,19.598241379310334,11,26,21
5,60,1.8,0.55,0.8,0.15,22,12,30,20,40,25,15,62.5,910.9600000000087,22.774000000000218,4.845903784856428,51.999999999998636,884.9600000000094,57.11725000000018,19.561250000000022,15,11,14,58,21,37,36.206896551724135,137.17500000001985,2.365086206896894,1.2270564185750492,182.72499999999354,45.81250000002308,51.59353448275857,19.48991379310344,11,26,21
5,60,1.8,0.55,1.0,0.15,22,12,30,20,40,25,15,62.5,910.9600000000087,22.774000000000218,4.845903784856428,51.999999999998636,884.9600000000094,57.11725000000018,19.561250000000022,15,11,14,58,21,37,36.206896551724135,137.17500000001985,2.365086206896894,1.2270564185750492,182.72499999999354,45.81250000002308,51.59353448275857,19.48991379310344,11,26,21
5,60,1.8,0.55,1.2,0.15,22,12,30,20,40,25,15,62.5,910.9600000000087,22.774000000000218,4.845903784856428,51.999999999998636,884.9600000000094,57.11725000000018,19.561250000000022,15,11,14,58,21,37,36.206896551724135,133.52900000001932,2.3022241379313675,1.2196955861472485,186.37099999999407,40.34350000002229,51.59353448275857,19.598241379310334,11,26,21
5,60,1.5,0.55,0.8,0.15,14,12,34,24,41,26,15,63.41463414634146,914.4000000000028,22.302439024390313,4.674281236815097,60.00000000000273,884.4000000000015,54.82304878048798,20.88841463414636,17,11,13,57,22,35,38.59649122807017,144.29999999998984,2.5315789473682426,1.2345273696528196,162.72500000000605,62.93749999998681,50.10333333333326,21.45736842105262,11,24,22
5,60,1.5,0.55,1.0,0.15,14,12,34,24,41,26,15,63.41463414634146,914.4000000000028,22.302439024390313,4.674281236815097,60.00000000000273,884.4000000000015,54.82304878048798,20.88841463414636,17,11,13,57,22,35,38.59649122807017,144.29999999998984,2.5315789473682426,1.2345273696528196,162.72500000000605,62.93749999998681,50.10333333333326,21.45736842105262,11,24,22
5,60,1.5,0.55,1.2,0.15,14,12,34,24,41,26,15,63.41463414634146,914.4000000000028,22.302439024390313,4.674281236815097,60.00000000000273,884.4000000000015,54.82304878048798,20.88841463414636,17,11,13,57,22,35,38.59649122807017,144.29999999998984,2.5315789473682426,1.2345273696528196,162.72500000000605,62.93749999998681,50.10333333333326,21.45736842105262,11,24,22
5,60,1.8,0.55,0.8,0.15,14,12,34,24,41,26,15,63.41463414634146,914.4000000000028,22.302439024390313,4.674281236815097,60.00000000000273,884.4000000000015,54.82304878048798,20.88841463414636,17,11,13,57,22,35,38.59649122807017,144.29999999998984,2.5315789473682426,1.2345273696528196,162.72500000000605,62.93749999998681,50.10333333333326,21.45736842105262,11,24,22
5,60,1.8,0.55,1.0,0.15,14,12,34,24,41,26,15,63.41463414634146,914.4000000000028,22.302439024390313,4.674281236815097,60.00000000000273,884.4000000000015,54.82304878048798,20.88841463414636,17,11,13,57,22,35,38.59649122807017,144.29999999998984,2.5315789473682426,1.2345273696528196,162.72500000000605,62.93749999998681,50.10333333333326,21.45736842105262,11,24,22
5,60,1.8,0.55,1.2,0.15,14,12,34,24,41,26,15,63.41463414634146,914.4000000000028,22.302439024390313,4.674281236815097,60.00000000000273,884.4000000000015,54.82304878048798,20.88841463414636,17,11,13,57,22,35,38.59649122807017,144.29999999998984,2.5315789473682426,1.2345273696528196,162.72500000000605,62.93749999998681,50.10333333333326,21.45736842105262,11,24,22
5,60,1.5,0.55,0.8,0.15,18,12,30,20,40,25,15,62.5,910.2600000000107,22.756500000000266,4.84294851497697,51.999999999998636,884.2600000000114,56.11725000000018,19.561250000000022,16,11,13,58,21,37,36.206896551724135,129.17500000002076,2.227155172414151,1.2138145643844174,182.72499999999354,37.81250000002399,50.696982758620635,19.48991379310344,11,26,21
5,60,1.5,0.55,1.0,0.15,18,12,30,20,40,25,15,62.5,910.2600000000107,22.756500000000266,4.84294851497697,51.999999999998636,884.2600000000114,56.11725000000018,19.561250000000022,16,11,13,58,21,37,36.206896551724135,129.17500000002076,2.227155172414151,1.2138145643844174,182.72499999999354,37.81250000002399,50.696982758620635,19.48991379310344,11,26,21
5,60,1.5,0.55,1.2,0.15,18,12,30,20,40,25,15,62.5,910.2600000000107,22.756500000000266,4.84294851497697,51.999999999998636,884.2600000000114,56.11725000000018,19.561250000000022,16,11,13,58,21,37,36.206896551724135,125.52900000002023,2.1642931034486246,1.2065331668287669,186.37099999999407,32.3435000000232,50.696982758620635,19.598241379310334,11,26,21
5,60,1.8,0.55,0.8,0.15,18,12,30,20,40,25,15,62.5,910.2600000000107,22.756500000000266,4.84294851497697,51.999999999998636,884.2600000000114,56.11725000000018,19.561250000000022,16,11,13,58,21,37,36.206896551724135,129.17500000002076,2.227155172414151,1.2138145643844174,182.72499999999354,37.81250000002399,50.696982758620635,19.48991379310344,11,26,21
5,60,1.8,0.55,1.0,0.15,18,12,30,20,40,25,15,62.5,910.2600000000107,22.756500000000266,4.84294851497697,51.999999999998636,884.2600000000114,56.11725000000018,19.561250000000022,16,11,13,58,21,37,36.206896551724135,129.17500000002076,2.227155172414151,1.2138145643844174,182.72499999999354,37.81250000002399,50.696982758620635,19.48991379310344,11,26,21
5,60,1.8,0.55,1.2,0.15,18,12,30,20,40,25,15,62.5,910.2600000000107,22.756500000000266,4.84294851497697,51.999999999998636,884.2600000000114,56.11725000000018,19.561250000000022,16,11,13,58,21,37,36.206896551724135,125.52900000002023,2.1642931034486246,1.2065331668287669,186.37099999999407,32.3435000000232,50.696982758620635,19.598241379310334,11,26,21
5,60,1.5,0.55,0.8,0.15,22,10,38,20,40,24,16,60.0,908.09000000001,22.70225000000025,4.83378717835071,49.999999999996646,883.0900000000117,57.99550000000016,18.948125000000022,14,12,14,58,20,38,34.48275862068966,103.28000000002481,1.7806896551728415,1.1676773088506744,182.72499999999354,11.917500000028042,52.76749999999997,18.938189655172405,10,29,19
5,60,1.5,0.55,1.0,0.15,22,10,38,20,40,24,16,60.0,908.09000000001,22.70225000000025,4.83378717835071,49.999999999996646,883.0900000000117,57.99550000000016,18.948125000000022,14,12,14,58,20,38,34.48275862068966,103.28000000002481,1.7806896551728415,1.1676773088506744,182.72499999999354,11.917500000028042,52.76749999999997,18.938189655172405,10,29,19
5,60,1.5,0.55,1.2,0.15,22,10,38,20,40,24,16,60.0,908.09000000001,22.70225000000025,4.83378717835071,49.999999999996646,883.0900000000117,57.99550000000016,18.948125000000022,14,12,14,58,20,38,34.48275862068966,99.63400000002429,1.7178275862073153,1.1608060801400084,186.37099999999407,6.448500000027252,52.76749999999997,19.0465172413793,10,29,19
5,60,1.8,0.55,0.8,0.15,22,10,38,20,40,24,16,60.0,908.09000000001,22.70225000000025,4.83378717835071,49.999999999996646,883.0900000000117,57.99550000000016,18.948125000000022,14,12,14,58,20,38,34.48275862068966,103.28000000002481,1.7806896551728415,1.1676773088506744,182.72499999999354,11.917500000028042,52.76749999999997,18.938189655172405,10,29,19
5,60,1.8,0.55,1.0,0.15,22,10,38,20,40,24,16,60.0,908.09000000001,22.70225000000025,4.83378717835071,49.999999999996646,883.0900000000117,57.99550000000016,18.948125000000022,14,12,14,58,20,38,34.48275862068966,103.28000000002481,1.7806896551728415,1.1676773088506744,182.72499999999354,11.917500000028042,52.76749999999997,18.938189655172405,10,29,19
5,60,1.8,0.55,1.2,0.15,22,10,38,20,40,24,16,60.0,908.09000000001,22.70225000000025,4.83378717835071,49.999999999996646,883.0900000000117,57.99550000000016,18.948125000000022,14,12,14,58,20,38,34.48275862068966,99.63400000002429,1.7178275862073153,1.1608060801400084,186.37099999999407,6.448500000027252,52.76749999999997,19.0465172413793,10,29,19
5,60,1.5,0.55,0.8,0.15,10,8,34,20,42,24,18,57.14285714285714,906.9450000000107,21.593928571428826,4.765366491603322,47.999999999996874,882.9450000000123,53.5501190476192,17.855357142857162,17,14,11,58,21,37,36.206896551724135,143.52000000002528,2.4744827586211255,1.246621244275714,182.72499999999354,52.157500000028506,49.69663793103443,18.38646551724137,11,28,19
5,60,1.5,0.55,1.0,0.15,10,8,34,20,42,24,18,57.14285714285714,906.9450000000107,21.593928571428826,4.765366491603322,47.999999999996874,882.9450000000123,53.5501190476192,17.855357142857162,17,14,11,58,21,37,36.206896551724135,143.52000000002528,2.4744827586211255,1.246621244275714,182.72499999999354,52.157500000028506,49.69663793103443,18.38646551724137,11,28,19
5,60,1.5,0.55,1.2,0.15,10,8,34,20,42,24,18,57.14285714285714,906.9450000000107,21.593928571428826,4.765366491603322,47.999999999996874,882.9450000000123,53.5501190476192,17.855357142857162,17,14,11,58,21,37,36.206896551724135,139.87400000002475,2.411620689655599,1.238859545314101,186.37099999999407,46.688500000027716,49.69663793103443,18.494793103448266,11,28,19
5,60,1.8,0.55,0.8,0.15,10,8,34,20,42,24,18,57.14285714285714,906.9450000000107,21.593928571428826,4.765366491603322,47.999999999996874,882.9450000000123,53.5501190476192,17.855357142857162,17,14,11,58,21,37,36.206896551724135,143.52000000002528,2.4744827586211255,1.246621244275714,182.72499999999354,52.157500000028506,49.69663793103443,18.38646551724137,11,28,19
5,60,1.8,0.55,1.0,0.15,10,8,34,20,42,24,18,57.14285714285714,906.9450000000107,21.593928571428826,4.765366491603322,47.999999999996874,882.9450000000123,53.5501190476192,17.855357142857162,17,14,11,58,21,37,36.206896551724135,143.52000000002528,2.4744827586211255,1.246621244275714,182.72499999999354,52.157500000028506,49.69663793103443,18.38646551724137,11,28,19
5,60,1.8,0.55,1.2,0.15,10,8,34,20,42,24,18,57.14285714285714,906.9450000000107,21.593928571428826,4.765366491603322,47.999999999996874,882.9450000000123,53.5501190476192,17.855357142857162,17,14,11,58,21,37,36.206896551724135,139.87400000002475,2.411620689655599,1.238859545314101,186.37099999999407,46.688500000027716,49.69663793103443,18.494793103448266,11,28,19
5,60,1.5,0.55,0.8,0.15,10,10,38,24,41,25,16,60.97560975609756,911.4750000000049,22.23109756097573,4.662527876559629,58.00000000000074,882.4750000000046,54.59036585365869,20.241463414634165,17,12,12,57,21,36,36.84210526315789,97.42999999999608,1.7092982456139665,1.1543861317107107,162.72500000000605,16.06749999999306,50.18956140350875,20.895964912280693,10,27,20
5,60,1.5,0.55,1.0,0.15,10,10,38,24,41,25,16,60.97560975609756,911.4750000000049,22.23109756097573,4.662527876559629,58.00000000000074,882.4750000000046,54.59036585365869,20.241463414634165,17,12,12,57,21,36,36.84210526315789,97.42999999999608,1.7092982456139665,1.1543861317107107,162.72500000000605,16.06749999999306,50.18956140350875,20.895964912280693,10,27,20
5,60,1.5,0.55,1.2,0.15,10,10,38,24,41,25,16,60.97560975609756,911.4750000000049,22.23109756097573,4.662527876559629,58.00000000000074,882.4750000000046,54.59036585365869,20.241463414634165,17,12,12,57,21,36,36.84210526315789,97.42999999999608,1.7092982456139665,1.1543861317107107,162.72500000000605,16.06749999999306,50.18956140350875,20.895964912280693,10,27,20
5,60,1.8,0.55,0.8,0.15,10,10,38,24,41,25,16,60.97560975609756,911.4750000000049,22.23109756097573,4.662527876559629,58.00000000000074,882.4750000000046,54.59036585365869,20.241463414634165,17,12,12,57,21,36,36.84210526315789,97.42999999999608,1.7092982456139665,1.1543861317107107,162.72500000000605,16.06749999999306,50.18956140350875,20.895964912280693,10,27,20
5,60,1.8,0.55,1.0,0.15,10,10,38,24,41,25,16,60.97560975609756,911.4750000000049,22.23109756097573,4.662527876559629,58.00000000000074,882.4750000000046,54.59036585365869,20.241463414634165,17,12,12,57,21,36,36.84210526315789,97.42999999999608,1.7092982456139665,1.1543861317107107,162.72500000000605,16.06749999999306,50.18956140350875,20.895964912280693,10,27,20
5,60,1.8,0.55,1.2,0.15,10,10,38,24,41,25,16,60.97560975609756,911.4750000000049,22.23109756097573,4.662527876559629,58.00000000000074,882.4750000000046,54.59036585365869,20.241463414634165,17,12,12,57,21,36,36.84210526315789,97.42999999999608,1.7092982456139665,1.1543861317107107,162.72500000000605,16.06749999999306,50.18956140350875,20.895964912280693,10,27,20
5,60,1.5,0.55,0.8,0.15,18,8,38,20,41,23,18,56.09756097560976,905.9900000000085,22.09731707317094,4.761401615012691,47.99999999999682,881.9900000000101,56.317682926829434,18.095731707317093,15,14,12,58,20,38,34.48275862068966,109.2800000000241,1.8841379310348982,1.1815448255239733,182.72499999999354,17.91750000002733,51.870948275862034,18.38646551724137,10,29,19
5,60,1.5,0.55,1.0,0.15,18,8,38,20,41,23,18,56.09756097560976,905.9900000000085,22.09731707317094,4.761401615012691,47.99999999999682,881.9900000000101,56.317682926829434,18.095731707317093,15,14,12,58,20,38,34.48275862068966,109.2800000000241,1.8841379310348982,1.1815448255239733,182.72499999999354,17.91750000002733,51.870948275862034,18.38646551724137,10,29,19
5,60,1.5,0.55,1.2,0.15,18,8,38,20,41,23,18,56.09756097560976,905.9900000000085,22.09731707317094,4.761401615012691,47.99999999999682,881.9900000000101,56.317682926829434,18.095731707317093,15,14,12,58,20,38,34.48275862068966,105.63400000002358,1.821275862069372,1.1744312580603533,186.37099999999407,12.448500000026542,51.870948275862034,18.494793103448266,10,29,19
5,60,1.8,0.55,0.8,0.15,18,8,38,20,41,23,18,56.09756097560976,905.9900000000085,22.09731707317094,4.761401615012691,47.99999999999682,881.9900000000101,56.317682926829434,18.095731707317093,15,14,12,58,20,38,34.48275862068966,109.2800000000241,1.8841379310348982,1.1815448255239733,182.72499999999354,17.91750000002733,51.870948275862034,18.38646551724137,10,29,19
5,60,1.8,0.55,1.0,0.15,18,8,38,20,41,23,18,56.09756097560976,905.9900000000085,22.09731707317094,4.761401615012691,47.99999999999682,881.9900000000101,56.317682926829434,18.095731707317093,15,14,12,58,20,38,34.48275862068966,109.2800000000241,1.8841379310348982,1.1815448255239733,182.72499999999354,17.91750000002733,51.870948275862034,18.38646551724137,10,29,19
5,60,1.8,0.55,1.2,0.15,18,8,38,20,41,23,18,56.09756097560976,905.9900000000085,22.09731707317094,4.761401615012691,47.99999999999682,881.9900000000101,56.317682926829434,18.095731707317093,15,14,12,58,20,38,34.48275862068966,105.63400000002358,1.821275862069372,1.1744312580603533,186.37099999999407,12.448500000026542,51.870948275862034,18.494793103448266,10,29,19
5,60,1.5,0.55,0.8,0.15,14,8,34,20,42,24,18,57.14285714285714,905.3800000000119,21.55666666666695,4.758869076038591,47.99999999999682,881.3800000000135,54.23273809523826,17.855357142857162,16,14,12,58,21,37,36.206896551724135,147.93500000002405,2.5506034482762767,1.254207871877977,182.72499999999354,56.572500000027276,50.28370689655164,18.38646551724137,11,28,19
5,60,1.5,0.55,1.0,0.15,14,8,34,20,42,24,18,57.14285714285714,905.3800000000119,21.55666666666695,4.758869076038591,47.99999999999682,881.3800000000135,54.23273809523826,17.855357142857162,16,14,12,58,21,37,36.206896551724135,147.93500000002405,2.5506034482762767,1.254207871877977,182.72499999999354,56.572500000027276,50.28370689655164,18.38646551724137,11,28,19
5,60,1.5,0.55,1.2,0.15,14,8,34,20,42,24,18,57.14285714285714,905.3800000000119,21.55666666666695,4.758869076038591,47.99999999999682,881.3800000000135,54.23273809523826,17.855357142857162,16,14,12,58,21,37,36.206896551724135,144.28900000002352,2.4877413793107506,1.2463989371421837,186.37099999999407,51.103500000026486,50.28370689655164,18.494793103448266,11,28,19
5,60,1.8,0.55,0.8,0.15,14,8,34,20,42,24,18,57.14285714285714,905.3800000000119,21.55666666666695,4.758869076038591,47.99999999999682,881.3800000000135,54.23273809523826,17.855357142857162,16,14,12,58,21,37,36.206896551724135,147.93500000002405,2.5506034482762767,1.254207871877977,182.72499999999354,56.572500000027276,50.28370689655164,18.38646551724137,11,28,19
5,60,1.8,0.55,1.0,0.15,14,8,34,20,42,24,18,57.14285714285714,905.3800000000119,21.55666666666695,4.758869076038591,47.99999999999682,881.3800000000135,54.23273809523826,17.855357142857162,16,14,12,58,21,37,36.206896551724135,147.93500000002405,2.5506034482762767,1.254207871877977,182.72499999999354,56.572500000027276,50.28370689655164,18.38646551724137,11,28,19
5,60,1.8,0.55,1.2,0.15,14,8,34,20,42,24,18,57.14285714285714,905.3800000000119,21.55666666666695,4.758869076038591,47.99999999999682,881.3800000000135,54.23273809523826,17.855357142857162,16,14,12,58,21,37,36.206896551724135,144.28900000002352,2.4877413793107506,1.2463989371421837,186.37099999999407,51.103500000026486,50.28370689655164,18.494793103448266,11,28,19
5,60,1.5,0.55,0.8,0.15,14,10,38,24,41,25,16,60.97560975609756,909.9100000000061,22.19292682926844,4.656239326542555,58.00000000000074,880.9100000000058,55.28963414634162,20.241463414634165,16,12,13,57,21,36,36.84210526315789,101.8449999999948,1.786754385964821,1.1613820751727102,162.72500000000605,20.482499999991774,50.78692982456135,20.895964912280693,10,27,20
5,60,1.5,0.55,1.0,0.15,14,10,38,24,41,25,16,60.97560975609756,909.9100000000061,22.19292682926844,4.656239326542555,58.00000000000074,880.9100000000058,55.28963414634162,20.241463414634165,16,12,13,57,21,36,36.84210526315789,101.8449999999948,1.786754385964821,1.1613820751727102,162.72500000000605,20.482499999991774,50.78692982456135,20.895964912280693,10,27,20
5,60,1.5,0.55,1.2,0.15,14,10,38,24,41,25,16,60.97560975609756,909.9100000000061,22.19292682926844,4.656239326542555,58.00000000000074,880.9100000000058,55.28963414634162,20.241463414634165,16,12,13,57,21,36,36.84210526315789,101.8449999999948,1.786754385964821,1.1613820751727102,162.72500000000605,20.482499999991774,50.78692982456135,20.895964912280693,10,27,20
5,60,1.8,0.55,0.8,0.15,14,10,38,24,41,25,16,60.97560975609756,909.9100000000061,22.19292682926844,4.656239326542555,58.00000000000074,880.9100000000058,55.28963414634162,20.241463414634165,16,12,13,57,21,36,36.84210526315789,101.8449999999948,1.786754385964821,1.1613820751727102,162.72500000000605,20.482499999991774,50.78692982456135,20.895964912280693,10,27,20
5,60,1.8,0.55,1.0,0.15,14,10,38,24,41,25,16,60.97560975609756,909.9100000000061,22.19292682926844,4.656239326542555,58.00000000000074,880.9100000000058,55.28963414634162,20.241463414634165,16,12,13,57,21,36,36.84210526315789,101.8449999999948,1.786754385964821,1.1613820751727102,162.72500000000605,20.482499999991774,50.78692982456135,20.895964912280693,10,27,20
5,60,1.8,0.55,1.2,0.15,14,10,38,24,41,25,16,60.97560975609756,909.9100000000061,22.19292682926844,4.656239326542555,58.00000000000074,880.9100000000058,55.28963414634162,20.241463414634165,16,12,13,57,21,36,36.84210526315789,101.8449999999948,1.786754385964821,1.1613820751727102,162.72500000000605,20.482499999991774,50.78692982456135,20.895964912280693,10,27,20
5,60,1.5,0.55,0.8,0.15,10,10,30,20,41,25,16,60.97560975609756,904.3450000000155,22.057195121951597,4.817976484495584,49.999999999996646,879.3450000000172,53.75365853658551,18.72987804878051,17,12,12,58,21,37,36.206896551724135,124.96000000002891,2.1544827586211883,1.2096837795434707,182.72499999999354,33.59750000003214,49.24551724137927,18.938189655172405,11,28,19
5,60,1.5,0.55,1.0,0.15,10,10,30,20,41,25,16,60.97560975609756,904.3450000000155,22.057195121951597,4.817976484495584,49.999999999996646,879.3450000000172,53.75365853658551,18.72987804878051,17,12,12,58,21,37,36.206896551724135,124.96000000002891,2.1544827586211883,1.2096837795434707,182.72499999999354,33.59750000003214,49.24551724137927,18.938189655172405,11,28,19
5,60,1.5,0.55,1.2,0.15,10,10,30,20,41,25,16,60.97560975609756,904.3450000000155,22.057195121951597,4.817976484495584,49.999999999996646,879.3450000000172,53.75365853658551,18.72987804878051,17,12,12,58,21,37,36.206896551724135,121.31400000002839,2.0916206896556617,1.2023279201989905,186.37099999999407,28.12850000003135,49.24551724137927,19.0465172413793,11,28,19
5,60,1.8,0.55,0.8,0.15,10,10,30,20,41,25,16,60.97560975609756,904.3450000000155,22.057195121951597,4.817976484495584,49.999999999996646,879.3450000000172,53.75365853658551,18.72987804878051,17,12,12,58,21,37,36.206896551724135,124.96000000002891,2.1544827586211883,1.2096837795434707,182.72499999999354,33.59750000003214,49.24551724137927,18.938189655172405,11,28,19
5,60,1.8,0.55,1.0,0.15,10,10,30,20,41,25,16,60.97560975609756,904.3450000000155,22.057195121951597,4.817976484495584,49.999999999996646,879.3450000000172,53.75365853658551,18.72987804878051,17,12,12,58,21,37,36.206896551724135,124.96000000002891,2.1544827586211883,1.2096837795434707,182.72499999999354,33.59750000003214,49.24551724137927,18.938189655172405,11,28,19
5,60,1.8,0.55,1.2,0.15,10,10,30,20,41,25,16,60.97560975609756,904.3450000000155,22.057195121951597,4.817976484495584,49.999999999996646,879.3450000000172,53.75365853658551,18.72987804878051,17,12,12,58,21,37,36.206896551724135,121.31400000002839,2.0916206896556617,1.2023279201989905,186.37099999999407,28.12850000003135,49.24551724137927,19.0465172413793,11,28,19
5,60,1.5,0.55,0.8,0.15,22,8,38,20,41,23,18,56.09756097560976,902.6900000000069,22.016829268292852,4.747700994333051,47.999999999996874,878.6900000000085,57.293292682926996,18.095731707317093,14,14,13,58,20,38,34.48275862068966,117.28000000002328,2.0220689655176427,1.1948350762943916,182.72499999999354,25.917500000026507,52.76749999999997,18.38646551724137,10,29,19
5,60,1.5,0.55,1.0,0.15,22,8,38,20,41,23,18,56.09756097560976,902.6900000000069,22.016829268292852,4.747700994333051,47.999999999996874,878.6900000000085,57.293292682926996,18.095731707317093,14,14,13,58,20,38,34.48275862068966,117.28000000002328,2.0220689655176427,1.1948350762943916,182.72499999999354,25.917500000026507,52.76749999999997,18.38646551724137,10,29,19
5,60,1.5,0.55,1.2,0.15,22,8,38,20,41,23,18,56.09756097560976,902.6900000000069,22.016829268292852,4.747700994333051,47.999999999996874,878.6900000000085,57.293292682926996,18.095731707317093,14,14,13,58,20,38,34.48275862068966,113.63400000002275,1.9592068965521163,1.1876414940116793,186.37099999999407,20.448500000025717,52.76749999999997,18.494793103448266,10,29,19
5,60,1.8,0.55,0.8,0.15,22,8,38,20,41,23,18,56.09756097560976,902.6900000000069,22.016829268292852,4.747700994333051,47.999999999996874,878.6900000000085,57.293292682926996,18.095731707317093,14,14,13,58,20,38,34.48275862068966,117.28000000002328,2.0220689655176427,1.1948350762943916,182.72499999999354,25.917500000026507,52.76749999999997,18.38646551724137,10,29,19
5,60,1.8,0.55,1.0,0.15,22,8,38,20,41,23,18,56.09756097560976,902.6900000000069,22.016829268292852,4.747700994333051,47.999999999996874,878.6900000000085,57.293292682926996,18.095731707317093,14,14,13,58,20,38,34.48275862068966,117.28000000002328,2.0220689655176427,1.1948350762943916,182.72499999999354,25.917500000026507,52.76749999999997,18.38646551724137,10,29,19
5,60,1.8,0.55,1.2,0.15,22,8,38,20,41,23,18,56.09756097560976,902.6900000000069,22.016829268292852,4.747700994333051,47.999999999996874,878.6900000000085,57.293292682926996,18.095731707317093,14,14,13,58,20,38,34.48275862068966,113.63400000002275,1.9592068965521163,1.1876414940116793,186.37099999999407,20.448500000025717,52.76749999999997,18.494793103448266,10,29,19
5,60,1.5,0.55,0.8,0.15,10,8,38,24,42,24,18,57.14285714285714,906.0750000000019,21.57321428571433,4.583236114132055,56.000000000000966,878.0750000000014,53.985952380952526,19.3309523809524,17,14,11,57,21,36,36.84210526315789,111.42999999999455,1.9549122807016588,1.1805762623970852,162.72500000000605,30.067499999991526,50.18956140350875,20.33456140350876,10,27,20
5,60,1.5,0.55,1.0,0.15,10,8,38,24,42,24,18,57.14285714285714,906.0750000000019,21.57321428571433,4.583236114132055,56.000000000000966,878.0750000000014,53.985952380952526,19.3309523809524,17,14,11,57,21,36,36.84210526315789,111.42999999999455,1.9549122807016588,1.1805762623970852,162.72500000000605,30.067499999991526,50.18956140350875,20.33456140350876,10,27,20
5,60,1.5,0.55,1.2,0.15,10,8,38,24,42,24,18,57.14285714285714,906.0750000000019,21.57321428571433,4.583236114132055,56.000000000000966,878.0750000000014,53.985952380952526,19.3309523809524,17,14,11,57,21,36,36.84210526315789,111.42999999999455,1.9549122807016588,1.1805762623970852,162.72500000000605,30.067499999991526,50.18956140350875,20.33456140350876,10,27,20
5,60,1.8,0.55,0.8,0.15,10,8,38,24,42,24,18,57.14285714285714,906.0750000000019,21.57321428571433,4.583236114132055,56.000000000000966,878.0750000000014,53.985952380952526,19.3309523809524,17,14,11,57,21,36,36.84210526315789,111.42999999999455,1.9549122807016588,1.1805762623970852,162.72500000000605,30.067499999991526,50.18956140350875,20.33456140350876,10,27,20
5,60,1.8,0.55,1.0,0.15,10,8,38,24,42,24,18,57.14285714285714,906.0750000000019,21.57321428571433,4.583236114132055,56.000000000000966,878.0750000000014,53.985952380952526,19.3309523809524,17,14,11,57,21,36,36.84210526315789,111.42999999999455,1.9549122807016588,1.1805762623970852,162.72500000000605,30.067499999991526,50.18956140350875,20.33456140350876,10,27,20
5,60,1.8,0.55,1.2,0.15,10,8,38,24,42,24,18,57.14285714285714,906.0750000000019,21.57321428571433,4.583236114132055,56.000000000000966,878.0750000000014,53.985952380952526,19.3309523809524,17,14,11,57,21,36,36.84210526315789,111.42999999999455,1.9549122807016588,1.1805762623970852,162.72500000000605,30.067499999991526,50.18956140350875,20.33456140350876,10,27,20
5,60,1.5,0.55,0.8,0.15,10,12,30,24,41,26,15,63.41463414634146,907.9650000000032,22.145487804878126,4.648423844252867,60.00000000000273,877.9650000000019,53.733536585366025,20.88841463414636,18,11,12,57,22,35,38.59649122807017,135.32499999999322,2.374122807017425,1.2199405148875153,162.72500000000605,53.9624999999902,49.11710526315785,21.45736842105262,11,24,22
5,60,1.5,0.55,1.0,0.15,10,12,30,24,41,26,15,63.41463414634146,907.9650000000032,22.145487804878126,4.648423844252867,60.00000000000273,877.9650000000019,53.733536585366025,20.88841463414636,18,11,12,57,22,35,38.59649122807017,135.32499999999322,2.374122807017425,1.2199405148875153,162.72500000000605,53.9624999999902,49.11710526315785,21.45736842105262,11,24,22
5,60,1.5,0.55,1.2,0.15,10,12,30,24,41,26,15,63.41463414634146,907.9650000000032,22.145487804878126,4.648423844252867,60.00000000000273,877.9650000000019,53.733536585366025,20.88841463414636,18,11,12,57,22,35,38.59649122807017,135.32499999999322,2.374122807017425,1.2199405148875153,162.72500000000605,53.9624999999902,49.11710526315785,21.45736842105262,11,24,22
5,60,1.8,0.55,0.8,0.15,10,12,30,24,41,26,15,63.41463414634146,907.9650000000032,22.145487804878126,4.648423844252867,60.00000000000273,877.9650000000019,53.733536585366025,20.88841463414636,18,11,12,57,22,35,38.59649122807017,135.32499999999322,2.374122807017425,1.2199405148875153,162.72500000000605,53.9624999999902,49.11710526315785,21.45736842105262,11,24,22
5,60,1.8,0.55,1.0,0.15,10,12,30,24,41,26,15,63.41463414634146,907.9650000000032,22.145487804878126,4.648423844252867,60.00000000000273,877.9650000000019,53.733536585366025,20.88841463414636,18,11,12,57,22,35,38.59649122807017,135.32499999999322,2.374122807017425,1.2199405148875153,162.72500000000605,53.9624999999902,49.11710526315785,21.45736842105262,11,24,22
5,60,1.8,0.55,1.2,0.15,10,12,30,24,41,26,15,63.41463414634146,907.9650000000032,22.145487804878126,4.648423844252867,60.00000000000273,877.9650000000019,53.733536585366025,20.88841463414636,18,11,12,57,22,35,38.59649122807017,135.32499999999322,2.374122807017425,1.2199405148875153,162.72500000000605,53.9624999999902,49.11710526315785,21.45736842105262,11,24,22
5,60,1.5,0.55,0.8,0.15,14,10,30,20,41,25,16,60.97560975609756,902.7800000000167,22.019024390244308,4.811369345407921,49.999999999996646,877.7800000000184,54.45292682926845,18.72987804878051,16,12,13,58,21,37,36.206896551724135,129.37500000002768,2.2306034482763395,1.2170921813255124,182.72499999999354,38.01250000003091,49.83258620689648,18.938189655172405,11,28,19
5,60,1.5,0.55,1.0,0.15,14,10,30,20,41,25,16,60.97560975609756,902.7800000000167,22.019024390244308,4.811369345407921,49.999999999996646,877.7800000000184,54.45292682926845,18.72987804878051,16,12,13,58,21,37,36.206896551724135,129.37500000002768,2.2306034482763395,1.2170921813255124,182.72499999999354,38.01250000003091,49.83258620689648,18.938189655172405,11,28,19
5,60,1.5,0.55,1.2,0.15,14,10,30,20,41,25,16,60.97560975609756,902.7800000000167,22.019024390244308,4.811369345407921,49.999999999996646,877.7800000000184,54.45292682926845,18.72987804878051,16,12,13,58,21,37,36.206896551724135,125.72900000002716,2.167741379310813,1.2096912728844025,186.37099999999407,32.54350000003012,49.83258620689648,19.0465172413793,11,28,19
5,60,1.8,0.55,0.8,0.15,14,10,30,20,41,25,16,60.97560975609756,902.7800000000167,22.019024390244308,4.811369345407921,49.999999999996646,877.7800000000184,54.45292682926845,18.72987804878051,16,12,13,58,21,37,36.206896551724135,129.37500000002768,2.2306034482763395,1.2170921813255124,182.72499999999354,38.01250000003091,49.83258620689648,18.938189655172405,11,28,19
5,60,1.8,0.55,1.0,0.15,14,10,30,20,41,25,16,60.97560975609756,902.7800000000167,22.019024390244308,4.811369345407921,49.999999999996646,877.7800000000184,54.45292682926845,18.72987804878051,16,12,13,58,21,37,36.206896551724135,129.37500000002768,2.2306034482763395,1.2170921813255124,182.72499999999354,38.01250000003091,49.83258620689648,18.938189655172405,11,28,19
5,60,1.8,0.55,1.2,0.15,14,10,30,20,41,25,16,60.97560975609756,902.7800000000167,22.019024390244308,4.811369345407921,49.999999999996646,877.7800000000184,54.45292682926845,18.72987804878051,16,12,13,58,21,37,36.206896551724135,125.72900000002716,2.167741379310813,1.2096912728844025,186.37099999999407,32.54350000003012,49.83258620689648,19.0465172413793,11,28,19
5,60,1.5,0.55,0.8,0.15,22,12,34,24,40,25,15,62.5,906.9600000000008,22.67400000000002,4.644385510216332,60.00000000000273,876.9599999999995,57.49662500000021,21.11062500000002,15,11,14,57,22,35,38.59649122807017,160.2999999999903,2.8122807017542155,1.2605317904043476,162.72500000000605,78.93749999998727,51.89517543859643,21.45736842105262,11,24,22
5,60,1.5,0.55,1.0,0.15,22,12,34,24,40,25,15,62.5,906.9600000000008,22.67400000000002,4.644385510216332,60.00000000000273,876.9599999999995,57.49662500000021,21.11062500000002,15,11,14,57,22,35,38.59649122807017,160.2999999999903,2.8122807017542155,1.2605317904043476,162.72500000000605,78.93749999998727,51.89517543859643,21.45736842105262,11,24,22
5,60,1.5,0.55,1.2,0.15,22,12,34,24,40,25,15,62.5,906.9600000000008,22.67400000000002,4.644385510216332,60.00000000000273,876.9599999999995,57.49662500000021,21.11062500000002,15,11,14,57,22,35,38.59649122807017,160.2999999999903,2.8122807017542155,1.2605317904043476,162.72500000000605,78.93749999998727,51.89517543859643,21.45736842105262,11,24,22
5,60,1.8,0.55,0.8,0.15,22,12,34,24,40,25,15,62.5,906.9600000000008,22.67400000000002,4.644385510216332,60.00000000000273,876.9599999999995,57.49662500000021,21.11062500000002,15,11,14,57,22,35,38.59649122807017,160.2999999999903,2.8122807017542155,1.2605317904043476,162.72500000000605,78.93749999998727,51.89517543859643,21.45736842105262,11,24,22
5,60,1.8,0.55,1.0,0.15,22,12,34,24,40,25,15,62.5,906.9600000000008,22.67400000000002,4.644385510216332,60.00000000000273,876.9599999999995,57.49662500000021,21.11062500000002,15,11,14,57,22,35,38.59649122807017,160.2999999999903,2.8122807017542155,1.2605317904043476,162.72500000000605,78.93749999998727,51.89517543859643,21.45736842105262,11,24,22
5,60,1.8,0.55,1.2,0.15,22,12,34,24,40,25,15,62.5,906.9600000000008,22.67400000000002,4.644385510216332,60.00000000000273,876.9599999999995,57.49662500000021,21.11062500000002,15,11,14,57,22,35,38.59649122807017,160.2999999999903,2.8122807017542155,1.2605317904043476,162.72500000000605,78.93749999998727,51.89517543859643,21.45736842105262,11,24,22
5,60,1.5,0.55,0.8,0.15,14,8,38,24,42,24,18,57.14285714285714,904.510000000003,21.535952380952452,4.577047040911171,56.00000000000091,876.5100000000025,54.66857142857159,19.3309523809524,16,14,12,57,21,36,36.84210526315789,115.84499999999326,2.0323684210525133,1.187730926298036,162.72500000000605,34.48249999999024,50.78692982456135,20.33456140350876,10,27,20
5,60,1.5,0.55,1.0,0.15,14,8,38,24,42,24,18,57.14285714285714,904.510000000003,21.535952380952452,4.577047040911171,56.00000000000091,876.5100000000025,54.66857142857159,19.3309523809524,16,14,12,57,21,36,36.84210526315789,115.84499999999326,2.0323684210525133,1.187730926298036,162.72500000000605,34.48249999999024,50.78692982456135,20.33456140350876,10,27,20
5,60,1.5,0.55,1.2,0.15,14,8,38,24,42,24,18,57.14285714285714,904.510000000003,21.535952380952452,4.577047040911171,56.00000000000091,876.5100000000025,54.66857142857159,19.3309523809524,16,14,12,57,21,36,36.84210526315789,115.84499999999326,2.0323684210525133,1.187730926298036,162.72500000000605,34.48249999999024,50.78692982456135,20.33456140350876,10,27,20
5,60,1.8,0.55,0.8,0.15,14,8,38,24,42,24,18,57.14285714285714,904.510000000003,21.535952380952452,4.577047040911171,56.00000000000091,876.5100000000025,54.66857142857159,19.3309523809524,16,14,12,57,21,36,36.84210526315789,115.84499999999326,2.0323684210525133,1.187730926298036,162.72500000000605,34.48249999999024,50.78692982456135,20.33456140350876,10,27,20
5,60,1.8,0.55,1.0,0.15,14,8,38,24,42,24,18,57.14285714285714,904.510000000003,21.535952380952452,4.577047040911171,56.00000000000091,876.5100000000025,54.66857142857159,19.3309523809524,16,14,12,57,21,36,36.84210526315789,115.84499999999326,2.0323684210525133,1.187730926298036,162.72500000000605,34.48249999999024,50.78692982456135,20.33456140350876,10,27,20
5,60,1.8,0.55,1.2,0.15,14,8,38,24,42,24,18,57.14285714285714,904.510000000003,21.535952380952452,4.577047040911171,56.00000000000091,876.5100000000025,54.66857142857159,19.3309523809524,16,14,12,57,21,36,36.84210526315789,115.84499999999326,2.0323684210525133,1.187730926298036,162.72500000000605,34.48249999999024,50.78692982456135,20.33456140350876,10,27,20
5,60,1.5,0.55,0.8,0.15,14,12,30,24,41,26,15,63.41463414634146,906.4000000000044,22.10731707317084,4.642135294235794,60.00000000000273,876.400000000003,54.432804878048955,20.88841463414636,17,11,13,57,22,35,38.59649122807017,139.73999999999194,2.4515789473682794,1.2271161097386378,162.72500000000605,58.37749999998891,49.71447368421045,21.45736842105262,11,24,22
5,60,1.5,0.55,1.0,0.15,14,12,30,24,41,26,15,63.41463414634146,906.4000000000044,22.10731707317084,4.642135294235794,60.00000000000273,876.400000000003,54.432804878048955,20.88841463414636,17,11,13,57,22,35,38.59649122807017,139.73999999999194,2.4515789473682794,1.2271161097386378,162.72500000000605,58.37749999998891,49.71447368421045,21.45736842105262,11,24,22
5,60,1.5,0.55,1.2,0.15,14,12,30,24,41,26,15,63.41463414634146,906.4000000000044,22.10731707317084,4.642135294235794,60.00000000000273,876.400000000003,54.432804878048955,20.88841463414636,17,11,13,57,22,35,38.59649122807017,139.73999999999194,2.4515789473682794,1.2271161097386378,162.72500000000605,58.37749999998891,49.71447368421045,21.45736842105262,11,24,22
5,60,1.8,0.55,0.8,0.15,14,12,30,24,41,26,15,63.41463414634146,906.4000000000044,22.10731707317084,4.642135294235794,60.00000000000273,876.400000000003,54.432804878048955,20.88841463414636,17,11,13,57,22,35,38.59649122807017,139.73999999999194,2.4515789473682794,1.2271161097386378,162.72500000000605,58.37749999998891,49.71447368421045,21.45736842105262,11,24,22
5,60,1.8,0.55,1.0,0.15,14,12,30,24,41,26,15,63.41463414634146,906.4000000000044,22.10731707317084,4.642135294235794,60.00000000000273,876.400000000003,54.432804878048955,20.88841463414636,17,11,13,57,22,35,38.59649122807017,139.73999999999194,2.4515789473682794,1.2271161097386378,162.72500000000605,58.37749999998891,49.71447368421045,21.45736842105262,11,24,22
5,60,1.8,0.55,1.2,0.15,14,12,30,24,41,26,15,63.41463414634146,906.4000000000044,22.10731707317084,4.642135294235794,60.00000000000273,876.400000000003,54.432804878048955,20.88841463414636,17,11,13,57,22,35,38.59649122807017,139.73999999999194,2.4515789473682794,1.2271161097386378,162.72500000000605,58.37749999998891,49.71447368421045,21.45736842105262,11,24,22
5,60,1.5,0.55,0.8,0.15,18,12,34,24,40,25,15,62.5,906.260000000003,22.656500000000072,4.64157274024065,60.00000000000273,876.2600000000016,56.49662500000021,21.11062500000002,16,11,13,57,22,35,38.59649122807017,152.2999999999912,2.671929824561249,1.2475295800285855,162.72500000000605,70.93749999998818,50.98289473684204,21.45736842105262,11,24,22
5,60,1.5,0.55,1.0,0.15,18,12,34,24,40,25,15,62.5,906.260000000003,22.656500000000072,4.64157274024065,60.00000000000273,876.2600000000016,56.49662500000021,21.11062500000002,16,11,13,57,22,35,38.59649122807017,152.2999999999912,2.671929824561249,1.2475295800285855,162.72500000000605,70.93749999998818,50.98289473684204,21.45736842105262,11,24,22
5,60,1.5,0.55,1.2,0.15,18,12,34,24,40,25,15,62.5,906.260000000003,22.656500000000072,4.64157274024065,60.00000000000273,876.2600000000016,56.49662500000021,21.11062500000002,16,11,13,57,22,35,38.59649122807017,152.2999999999912,2.671929824561249,1.2475295800285855,162.72500000000605,70.93749999998818,50.98289473684204,21.45736842105262,11,24,22
5,60,1.8,0.55,0.8,0.15,18,12,34,24,40,25,15,62.5,906.260000000003,22.656500000000072,4.64157274024065,60.00000000000273,876.2600000000016,56.49662500000021,21.11062500000002,16,11,13,57,22,35,38.59649122807017,152.2999999999912,2.671929824561249,1.2475295800285855,162.72500000000605,70.93749999998818,50.98289473684204,21.45736842105262,11,24,22
5,60,1.8,0.55,1.0,0.15,18,12,34,24,40,25,15,62.5,906.260000000003,22.656500000000072,4.64157274024065,60.00000000000273,876.2600000000016,56.49662500000021,21.11062500000002,16,11,13,57,22,35,38.59649122807017,152.2999999999912,2.671929824561249,1.2475295800285855,162.72500000000605,70.93749999998818,50.98289473684204,21.45736842105262,11,24,22
5,60,1.8,0.55,1.2,0.15,18,12,34,24,40,25,15,62.5,906.260000000003,22.656500000000072,4.64157274024065,60.00000000000273,876.2600000000016,56.49662500000021,21.11062500000002,16,11,13,57,22,35,38.59649122807017,152.2999999999912,2.671929824561249,1.2475295800285855,162.72500000000605,70.93749999998818,50.98289473684204,21.45736842105262,11,24,22
5,60,1.5,0.55,0.8,0.15,18,10,34,20,40,24,16,60.0,900.2600000000144,22.50650000000036,4.80073037384183,49.999999999996646,875.2600000000161,56.51725000000018,18.948125000000022,15,12,13,58,21,37,36.206896551724135,141.9350000000269,2.4471551724142566,1.238167951740567,182.72499999999354,50.57250000003012,51.148103448275805,18.938189655172405,11,28,19
5,60,1.5,0.55,1.0,0.15,18,10,34,20,40,24,16,60.0,900.2600000000144,22.50650000000036,4.80073037384183,49.999999999996646,875.2600000000161,56.51725000000018,18.948125000000022,15,12,13,58,21,37,36.206896551724135,141.9350000000269,2.4471551724142566,1.238167951740567,182.72499999999354,50.57250000003012,51.148103448275805,18.938189655172405,11,28,19
5,60,1.5,0.55,1.2,0.15,18,10,34,20,40,24,16,60.0,900.2600000000144,22.50650000000036,4.80073037384183,49.999999999996646,875.2600000000161,56.51725000000018,18.948125000000022,15,12,13,58,21,37,36.206896551724135,138.28900000002636,2.3842931034487305,1.2306388855070063,186.37099999999407,45.10350000002933,51.148103448275805,19.0465172413793,11,28,19
5,60,1.8,0.55,0.8,0.15,18,10,34,20,40,24,16,60.0,900.2600000000144,22.50650000000036,4.80073037384183,49.999999999996646,875.2600000000161,56.51725000000018,18.948125000000022,15,12,13,58,21,37,36.206896551724135,141.9350000000269,2.4471551724142566,1.238167951740567,182.72499999999354,50.57250000003012,51.148103448275805,18.938189655172405,11,28,19
5,60,1.8,0.55,1.0,0.15,18,10,34,20,40,24,16,60.0,900.2600000000144,22.50650000000036,4.80073037384183,49.999999999996646,875.2600000000161,56.51725000000018,18.948125000000022,15,12,13,58,21,37,36.206896551724135,141.9350000000269,2.4471551724142566,1.238167951740567,182.72499999999354,50.57250000003012,51.148103448275805,18.938189655172405,11,28,19
5,60,1.8,0.55,1.2,0.15,18,10,34,20,40,24,16,60.0,900.2600000000144,22.50650000000036,4.80073037384183,49.999999999996646,875.2600000000161,56.51725000000018,18.948125000000022,15,12,13,58,21,37,36.206896551724135,138.28900000002636,2.3842931034487305,1.2306388855070063,186.37099999999407,45.10350000002933,51.148103448275805,19.0465172413793,11,28,19
5,60,1.5,0.55,0.8,0.15,10,8,30,20,42,24,18,57.14285714285714,898.9450000000124,21.40345238095268,4.7321528657133065,47.999999999996874,874.945000000014,53.16916666666682,17.855357142857162,17,14,11,58,21,37,36.206896551724135,138.96000000002738,2.395862068965989,1.238785452233514,182.72499999999354,47.59750000003061,49.24551724137927,18.38646551724137,11,28,19
5,60,1.5,0.55,1.0,0.15,10,8,30,20,42,24,18,57.14285714285714,898.9450000000124,21.40345238095268,4.7321528657133065,47.999999999996874,874.945000000014,53.16916666666682,17.855357142857162,17,14,11,58,21,37,36.206896551724135,138.96000000002738,2.395862068965989,1.238785452233514,182.72499999999354,47.59750000003061,49.24551724137927,18.38646551724137,11,28,19
5,60,1.5,0.55,1.2,0.15,10,8,30,20,42,24,18,57.14285714285714,898.9450000000124,21.40345238095268,4.7321528657133065,47.999999999996874,874.945000000014,53.16916666666682,17.855357142857162,17,14,11,58,21,37,36.206896551724135,135.31400000002685,2.333000000000463,1.2310725403908729,186.37099999999407,42.12850000002982,49.24551724137927,18.494793103448266,11,28,19
5,60,1.8,0.55,0.8,0.15,10,8,30,20,42,24,18,57.14285714285714,898.9450000000124,21.40345238095268,4.7321528657133065,47.999999999996874,874.945000000014,53.16916666666682,17.855357142857162,17,14,11,58,21,37,36.206896551724135,138.96000000002738,2.395862068965989,1.238785452233514,182.72499999999354,47.59750000003061,49.24551724137927,18.38646551724137,11,28,19
5,60,1.8,0.55,1.0,0.15,10,8,30,20,42,24,18,57.14285714285714,898.9450000000124,21.40345238095268,4.7321528657133065,47.999999999996874,874.945000000014,53.16916666666682,17.855357142857162,17,14,11,58,21,37,36.206896551724135,138.96000000002738,2.395862068965989,1.238785452233514,182.72499999999354,47.59750000003061,49.24551724137927,18.38646551724137,11,28,19
5,60,1.8,0.55,1.2,0.15,10,8,30,20,42,24,18,57.14285714285714,898.9450000000124,21.40345238095268,4.7321528657133065,47.999999999996874,874.945000000014,53.16916666666682,17.855357142857162,17,14,11,58,21,37,36.206896551724135,135.31400000002685,2.333000000000463,1.2310725403908729,186.37099999999407,42.12850000002982,49.24551724137927,18.494793103448266,11,28,19
5,60,1.5,0.55,0.8,0.15,14,8,30,20,42,24,18,57.14285714285714,897.3800000000135,21.3661904761908,4.725655450148576,47.99999999999682,873.3800000000151,53.85178571428588,17.855357142857162,16,14,12,58,21,37,36.206896551724135,143.37500000002615,2.4719827586211407,1.246372079835777,182.72499999999354,52.01250000002938,49.83258620689648,18.38646551724137,11,28,19
5,60,1.5,0.55,1.0,0.15,14,8,30,20,42,24,18,57.14285714285714,897.3800000000135,21.3661904761908,4.725655450148576,47.99999999999682,873.3800000000151,53.85178571428588,17.855357142857162,16,14,12,58,21,37,36.206896551724135,143.37500000002615,2.4719827586211407,1.246372079835777,182.72499999999354,52.01250000002938,49.83258620689648,18.38646551724137,11,28,19
5,60,1.5,0.55,1.2,0.15,14,8,30,20,42,24,18,57.14285714285714,897.3800000000135,21.3661904761908,4.725655450148576,47.99999999999682,873.3800000000151,53.85178571428588,17.855357142857162,16,14,12,58,21,37,36.206896551724135,139.72900000002562,2.409120689655614,1.2386119322189557,186.37099999999407,46.54350000002859,49.83258620689648,18.494793103448266,11,28,19
5,60,1.8,0.55,0.8,0.15,14,8,30,20,42,24,18,57.14285714285714,897.3800000000135,21.3661904761908,4.725655450148576,47.99999999999682,873.3800000000151,53.85178571428588,17.855357142857162,16,14,12,58,21,37,36.206896551724135,143.37500000002615,2.4719827586211407,1.246372079835777,182.72499999999354,52.01250000002938,49.83258620689648,18.38646551724137,11,28,19
5,60,1.8,0.55,1.0,0.15,14,8,30,20,42,24,18,57.14285714285714,897.3800000000135,21.3661904761908,4.725655450148576,47.99999999999682,873.3800000000151,53.85178571428588,17.855357142857162,16,14,12,58,21,37,36.206896551724135,143.37500000002615,2.4719827586211407,1.246372079835777,182.72499999999354,52.01250000002938,49.83258620689648,18.38646551724137,11,28,19
5,60,1.8,0.55,1.2,0.15,14,8,30,20,42,24,18,57.14285714285714,897.3800000000135,21.3661904761908,4.725655450148576,47.99999999999682,873.3800000000151,53.85178571428588,17.855357142857162,16,14,12,58,21,37,36.206896551724135,139.72900000002562,2.409120689655614,1.2386119322189557,186.37099999999407,46.54350000002859,49.83258620689648,18.494793103448266,11,28,19
5,60,1.5,0.55,0.8,0.15,22,10,34,20,40,24,16,60.0,896.9600000000129,22.424000000000323,4.786798387267192,49.999999999996646,871.9600000000146,57.51725000000018,18.948125000000022,14,12,14,58,21,37,36.206896551724135,149.93500000002604,2.5850862068970004,1.2515920093297732,182.72499999999354,58.572500000029265,52.044655172413734,18.938189655172405,11,28,19
5,60,1.5,0.55,1.0,0.15,22,10,34,20,40,24,16,60.0,896.9600000000129,22.424000000000323,4.786798387267192,49.999999999996646,871.9600000000146,57.51725000000018,18.948125000000022,14,12,14,58,21,37,36.206896551724135,149.93500000002604,2.5850862068970004,1.2515920093297732,182.72499999999354,58.572500000029265,52.044655172413734,18.938189655172405,11,28,19
5,60,1.5,0.55,1.2,0.15,22,10,34,20,40,24,16,60.0,896.9600000000129,22.424000000000323,4.786798387267192,49.999999999996646,871.9600000000146,57.51725000000018,18.948125000000022,14,12,14,58,21,37,36.206896551724135,146.2890000000255,2.5222241379314743,1.2439813139290463,186.37099999999407,53.103500000028475,52.044655172413734,19.0465172413793,11,28,19
5,60,1.8,0.55,0.8,0.15,22,10,34,20,40,24,16,60.0,896.9600000000129,22.424000000000323,4.786798387267192,49.999999999996646,871.9600000000146,57.51725000000018,18.948125000000022,14,12,14,58,21,37,36.206896551724135,149.93500000002604,2.5850862068970004,1.2515920093297732,182.72499999999354,58.572500000029265,52.044655172413734,18.938189655172405,11,28,19
5,60,1.8,0.55,1.0,0.15,22,10,34,20,40,24,16,60.0,896.9600000000129,22.424000000000323,4.786798387267192,49.999999999996646,871.9600000000146,57.51725000000018,18.948125000000022,14,12,14,58,21,37,36.206896551724135,149.93500000002604,2.5850862068970004,1.2515920093297732,182.72499999999354,58.572500000029265,52.044655172413734,18.938189655172405,11,28,19
5,60,1.8,0.55,1.2,0.15,22,10,34,20,40,24,16,60.0,896.9600000000129,22.424000000000323,4.786798387267192,49.999999999996646,871.9600000000146,57.51725000000018,18.948125000000022,14,12,14,58,21,37,36.206896551724135,146.2890000000255,2.5222241379314743,1.2439813139290463,186.37099999999407,53.103500000028475,52.044655172413734,19.0465172413793,11,28,19
5,60,1.5,0.55,0.8,0.15,10,10,34,24,41,25,16,60.97560975609756,900.3450000000079,21.959634146341656,4.617804833946174,58.00000000000074,871.3450000000075,54.12378048780505,20.241463414634165,17,12,12,57,22,35,38.59649122807017,148.08499999999935,2.5979824561403397,1.2439299598076008,162.72500000000605,66.72249999999633,49.505964912280646,20.895964912280693,11,26,20
5,60,1.5,0.55,1.0,0.15,10,10,34,24,41,25,16,60.97560975609756,900.3450000000079,21.959634146341656,4.617804833946174,58.00000000000074,871.3450000000075,54.12378048780505,20.241463414634165,17,12,12,57,22,35,38.59649122807017,148.08499999999935,2.5979824561403397,1.2439299598076008,162.72500000000605,66.72249999999633,49.505964912280646,20.895964912280693,11,26,20
5,60,1.5,0.55,1.2,0.15,10,10,34,24,41,25,16,60.97560975609756,900.3450000000079,21.959634146341656,4.617804833946174,58.00000000000074,871.3450000000075,54.12378048780505,20.241463414634165,17,12,12,57,22,35,38.59649122807017,148.08499999999935,2.5979824561403397,1.2439299598076008,162.72500000000605,66.72249999999633,49.505964912280646,20.895964912280693,11,26,20
5,60,1.8,0.55,0.8,0.15,10,10,34,24,41,25,16,60.97560975609756,900.3450000000079,21.959634146341656,4.617804833946174,58.00000000000074,871.3450000000075,54.12378048780505,20.241463414634165,17,12,12,57,22,35,38.59649122807017,148.08499999999935,2.5979824561403397,1.2439299598076008,162.72500000000605,66.72249999999633,49.505964912280646,20.895964912280693,11,26,20
5,60,1.8,0.55,1.0,0.15,10,10,34,24,41,25,16,60.97560975609756,900.3450000000079,21.959634146341656,4.617804833946174,58.00000000000074,871.3450000000075,54.12378048780505,20.241463414634165,17,12,12,57,22,35,38.59649122807017,148.08499999999935,2.5979824561403397,1.2439299598076008,162.72500000000605,66.72249999999633,49.505964912280646,20.895964912280693,11,26,20
5,60,1.8,0.55,1.2,0.15,10,10,34,24,41,25,16,60.97560975609756,900.3450000000079,21.959634146341656,4.617804833946174,58.00000000000074,871.3450000000075,54.12378048780505,20.241463414634165,17,12,12,57,22,35,38.59649122807017,148.08499999999935,2.5979824561403397,1.2439299598076008,162.72500000000605,66.72249999999633,49.505964912280646,20.895964912280693,11,26,20
5,60,1.5,0.55,0.8,0.15,18,8,34,20,41,23,18,56.09756097560976,894.8600000000114,21.825853658536865,4.71519315799321,47.99999999999682,870.860000000013,55.851097560975795,18.095731707317093,15,14,12,58,21,37,36.206896551724135,155.9350000000253,2.688534482759057,1.2679548754607926,182.72499999999354,64.57250000002853,51.148103448275805,18.38646551724137,11,28,19
5,60,1.5,0.55,1.0,0.15,18,8,34,20,41,23,18,56.09756097560976,894.8600000000114,21.825853658536865,4.71519315799321,47.99999999999682,870.860000000013,55.851097560975795,18.095731707317093,15,14,12,58,21,37,36.206896551724135,155.9350000000253,2.688534482759057,1.2679548754607926,182.72499999999354,64.57250000002853,51.148103448275805,18.38646551724137,11,28,19
5,60,1.5,0.55,1.2,0.15,18,8,34,20,41,23,18,56.09756097560976,894.8600000000114,21.825853658536865,4.71519315799321,47.99999999999682,870.860000000013,55.851097560975795,18.095731707317093,15,14,12,58,21,37,36.206896551724135,152.28900000002477,2.6256724137935303,1.2600603492882068,186.37099999999407,59.103500000027736,51.148103448275805,18.494793103448266,11,28,19
5,60,1.8,0.55,0.8,0.15,18,8,34,20,41,23,18,56.09756097560976,894.8600000000114,21.825853658536865,4.71519315799321,47.99999999999682,870.860000000013,55.851097560975795,18.095731707317093,15,14,12,58,21,37,36.206896551724135,155.9350000000253,2.688534482759057,1.2679548754607926,182.72499999999354,64.57250000002853,51.148103448275805,18.38646551724137,11,28,19
5,60,1.8,0.55,1.0,0.15,18,8,34,20,41,23,18,56.09756097560976,894.8600000000114,21.825853658536865,4.71519315799321,47.99999999999682,870.860000000013,55.851097560975795,18.095731707317093,15,14,12,58,21,37,36.206896551724135,155.9350000000253,2.688534482759057,1.2679548754607926,182.72499999999354,64.57250000002853,51.148103448275805,18.38646551724137,11,28,19
5,60,1.8,0.55,1.2,0.15,18,8,34,20,41,23,18,56.09756097560976,894.8600000000114,21.825853658536865,4.71519315799321,47.99999999999682,870.860000000013,55.851097560975795,18.095731707317093,15,14,12,58,21,37,36.206896551724135,152.28900000002477,2.6256724137935303,1.2600603492882068,186.37099999999407,59.103500000027736,51.148103448275805,18.494793103448266,11,28,19
5,60,1.5,0.55,0.8,0.15,18,10,38,24,40,24,16,60.0,899.3900000000056,22.48475000000014,4.61396741205076,58.00000000000074,870.3900000000052,56.97487500000019,20.49750000000002,15,12,13,57,21,36,36.84210526315789,109.84499999999616,1.9271052631578274,1.1740587564175622,162.72500000000605,28.482499999993138,51.66649122807014,20.895964912280693,10,27,20
5,60,1.5,0.55,1.0,0.15,18,10,38,24,40,24,16,60.0,899.3900000000056,22.48475000000014,4.61396741205076,58.00000000000074,870.3900000000052,56.97487500000019,20.49750000000002,15,12,13,57,21,36,36.84210526315789,109.84499999999616,1.9271052631578274,1.1740587564175622,162.72500000000605,28.482499999993138,51.66649122807014,20.895964912280693,10,27,20
5,60,1.5,0.55,1.2,0.15,18,10,38,24,40,24,16,60.0,899.3900000000056,22.48475000000014,4.61396741205076,58.00000000000074,870.3900000000052,56.97487500000019,20.49750000000002,15,12,13,57,21,36,36.84210526315789,109.84499999999616,1.9271052631578274,1.1740587564175622,162.72500000000605,28.482499999993138,51.66649122807014,20.895964912280693,10,27,20
5,60,1.8,0.55,0.8,0.15,18,10,38,24,40,24,16,60.0,899.3900000000056,22.48475000000014,4.61396741205076,58.00000000000074,870.3900000000052,56.97487500000019,20.49750000000002,15,12,13,57,21,36,36.84210526315789,109.84499999999616,1.9271052631578274,1.1740587564175622,162.72500000000605,28.482499999993138,51.66649122807014,20.895964912280693,10,27,20
5,60,1.8,0.55,1.0,0.15,18,10,38,24,40,24,16,60.0,899.3900000000056,22.48475000000014,4.61396741205076,58.00000000000074,870.3900000000052,56.97487500000019,20.49750000000002,15,12,13,57,21,36,36.84210526315789,109.84499999999616,1.9271052631578274,1.1740587564175622,162.72500000000605,28.482499999993138,51.66649122807014,20.895964912280693,10,27,20
5,60,1.8,0.55,1.2,0.15,18,10,38,24,40,24,16,60.0,899.3900000000056,22.48475000000014,4.61396741205076,58.00000000000074,870.3900000000052,56.97487500000019,20.49750000000002,15,12,13,57,21,36,36.84210526315789,109.84499999999616,1.9271052631578274,1.1740587564175622,162.72500000000605,28.482499999993138,51.66649122807014,20.895964912280693,10,27,20
5,60,1.5,0.55,0.8,0.15,14,10,34,24,41,25,16,60.97560975609756,898.7800000000088,21.921463414634363,4.6115162839291015,58.00000000000074,869.7800000000085,54.82304878048798,20.241463414634165,16,12,13,57,22,35,38.59649122807017,152.49999999999812,2.6754385964911953,1.2512024774329527,162.72500000000605,71.1374999999951,50.10333333333326,20.895964912280693,11,26,20
5,60,1.5,0.55,1.0,0.15,14,10,34,24,41,25,16,60.97560975609756,898.7800000000088,21.921463414634363,4.6115162839291015,58.00000000000074,869.7800000000085,54.82304878048798,20.241463414634165,16,12,13,57,22,35,38.59649122807017,152.49999999999812,2.6754385964911953,1.2512024774329527,162.72500000000605,71.1374999999951,50.10333333333326,20.895964912280693,11,26,20
5,60,1.5,0.55,1.2,0.15,14,10,34,24,41,25,16,60.97560975609756,898.7800000000088,21.921463414634363,4.6115162839291015,58.00000000000074,869.7800000000085,54.82304878048798,20.241463414634165,16,12,13,57,22,35,38.59649122807017,152.49999999999812,2.6754385964911953,1.2512024774329527,162.72500000000605,71.1374999999951,50.10333333333326,20.895964912280693,11,26,20
5,60,1.8,0.55,0.8,0.15,14,10,34,24,41,25,16,60.97560975609756,898.7800000000088,21.921463414634363,4.6115162839291015,58.00000000000074,869.7800000000085,54.82304878048798,20.241463414634165,16,12,13,57,22,35,38.59649122807017,152.49999999999812,2.6754385964911953,1.2512024774329527,162.72500000000605,71.1374999999951,50.10333333333326,20.895964912280693,11,26,20
5,60,1.8,0.55,1.0,0.15,14,10,34,24,41,25,16,60.97560975609756,898.7800000000088,21.921463414634363,4.6115162839291015,58.00000000000074,869.7800000000085,54.82304878048798,20.241463414634165,16,12,13,57,22,35,38.59649122807017,152.49999999999812,2.6754385964911953,1.2512024774329527,162.72500000000605,71.1374999999951,50.10333333333326,20.895964912280693,11,26,20
5,60,1.8,0.55,1.2,0.15,14,10,34,24,41,25,16,60.97560975609756,898.7800000000088,21.921463414634363,4.6115162839291015,58.00000000000074,869.7800000000085,54.82304878048798,20.241463414634165,16,12,13,57,22,35,38.59649122807017,152.49999999999812,2.6754385964911953,1.2512024774329527,162.72500000000605,71.1374999999951,50.10333333333326,20.895964912280693,11,26,20
5,60,1.5,0.55,0.8,0.15,22,12,30,24,40,25,15,62.5,898.9600000000025,22.474000000000064,4.612239567637028,60.00000000000273,868.9600000000012,57.09662500000021,21.11062500000002,15,11,14,57,22,35,38.59649122807017,155.7399999999924,2.7322807017542523,1.2531205304901656,162.72500000000605,74.37749999998937,51.50631578947363,21.45736842105262,11,24,22
5,60,1.5,0.55,1.0,0.15,22,12,30,24,40,25,15,62.5,898.9600000000025,22.474000000000064,4.612239567637028,60.00000000000273,868.9600000000012,57.09662500000021,21.11062500000002,15,11,14,57,22,35,38.59649122807017,155.7399999999924,2.7322807017542523,1.2531205304901656,162.72500000000605,74.37749999998937,51.50631578947363,21.45736842105262,11,24,22
5,60,1.5,0.55,1.2,0.15,22,12,30,24,40,25,15,62.5,898.9600000000025,22.474000000000064,4.612239567637028,60.00000000000273,868.9600000000012,57.09662500000021,21.11062500000002,15,11,14,57,22,35,38.59649122807017,155.7399999999924,2.7322807017542523,1.2531205304901656,162.72500000000605,74.37749999998937,51.50631578947363,21.45736842105262,11,24,22
5,60,1.8,0.55,0.8,0.15,22,12,30,24,40,25,15,62.5,898.9600000000025,22.474000000000064,4.612239567637028,60.00000000000273,868.9600000000012,57.09662500000021,21.11062500000002,15,11,14,57,22,35,38.59649122807017,155.7399999999924,2.7322807017542523,1.2531205304901656,162.72500000000605,74.37749999998937,51.50631578947363,21.45736842105262,11,24,22
5,60,1.8,0.55,1.0,0.15,22,12,30,24,40,25,15,62.5,898.9600000000025,22.474000000000064,4.612239567637028,60.00000000000273,868.9600000000012,57.09662500000021,21.11062500000002,15,11,14,57,22,35,38.59649122807017,155.7399999999924,2.7322807017542523,1.2531205304901656,162.72500000000605,74.37749999998937,51.50631578947363,21.45736842105262,11,24,22
5,60,1.8,0.55,1.2,0.15,22,12,30,24,40,25,15,62.5,898.9600000000025,22.474000000000064,4.612239567637028,60.00000000000273,868.9600000000012,57.09662500000021,21.11062500000002,15,11,14,57,22,35,38.59649122807017,155.7399999999924,2.7322807017542523,1.2531205304901656,162.72500000000605,74.37749999998937,51.50631578947363,21.45736842105262,11,24,22
5,60,1.5,0.55,0.8,0.15,18,12,30,24,40,25,15,62.5,898.2600000000045,22.456500000000112,4.609426797661347,60.00000000000273,868.2600000000032,56.09662500000021,21.11062500000002,16,11,13,57,22,35,38.59649122807017,147.7399999999933,2.591929824561286,1.2401183201144035,162.72500000000605,66.37749999999028,50.59403508771924,21.45736842105262,11,24,22
5,60,1.5,0.55,1.0,0.15,18,12,30,24,40,25,15,62.5,898.2600000000045,22.456500000000112,4.609426797661347,60.00000000000273,868.2600000000032,56.09662500000021,21.11062500000002,16,11,13,57,22,35,38.59649122807017,147.7399999999933,2.591929824561286,1.2401183201144035,162.72500000000605,66.37749999999028,50.59403508771924,21.45736842105262,11,24,22
5,60,1.5,0.55,1.2,0.15,18,12,30,24,40,25,15,62.5,898.2600000000045,22.456500000000112,4.609426797661347,60.00000000000273,868.2600000000032,56.09662500000021,21.11062500000002,16,11,13,57,22,35,38.59649122807017,147.7399999999933,2.591929824561286,1.2401183201144035,162.72500000000605,66.37749999999028,50.59403508771924,21.45736842105262,11,24,22
5,60,1.8,0.55,0.8,0.15,18,12,30,24,40,25,15,62.5,898.2600000000045,22.456500000000112,4.609426797661347,60.00000000000273,868.2600000000032,56.09662500000021,21.11062500000002,16,11,13,57,22,35,38.59649122807017,147.7399999999933,2.591929824561286,1.2401183201144035,162.72500000000605,66.37749999999028,50.59403508771924,21.45736842105262,11,24,22
5,60,1.8,0.55,1.0,0.15,18,12,30,24,40,25,15,62.5,898.2600000000045,22.456500000000112,4.609426797661347,60.00000000000273,868.2600000000032,56.09662500000021,21.11062500000002,16,11,13,57,22,35,38.59649122807017,147.7399999999933,2.591929824561286,1.2401183201144035,162.72500000000605,66.37749999999028,50.59403508771924,21.45736842105262,11,24,22
5,60,1.8,0.55,1.2,0.15,18,12,30,24,40,25,15,62.5,898.2600000000045,22.456500000000112,4.609426797661347,60.00000000000273,868.2600000000032,56.09662500000021,21.11062500000002,16,11,13,57,22,35,38.59649122807017,147.7399999999933,2.591929824561286,1.2401183201144035,162.72500000000605,66.37749999999028,50.59403508771924,21.45736842105262,11,24,22
5,60,1.5,0.55,0.8,0.15,22,8,34,20,41,23,18,56.09756097560976,891.5600000000097,21.745365853658775,4.70149253731357,47.999999999996874,867.5600000000113,56.82670731707336,18.095731707317093,14,14,13,58,21,37,36.206896551724135,163.9350000000245,2.8264655172418016,1.2817018790436043,182.72499999999354,72.57250000002773,52.044655172413734,18.38646551724137,11,28,19
5,60,1.5,0.55,1.0,0.15,22,8,34,20,41,23,18,56.09756097560976,891.5600000000097,21.745365853658775,4.70149253731357,47.999999999996874,867.5600000000113,56.82670731707336,18.095731707317093,14,14,13,58,21,37,36.206896551724135,163.9350000000245,2.8264655172418016,1.2817018790436043,182.72499999999354,72.57250000002773,52.044655172413734,18.38646551724137,11,28,19
5,60,1.5,0.55,1.2,0.15,22,8,34,20,41,23,18,56.09756097560976,891.5600000000097,21.745365853658775,4.70149253731357,47.999999999996874,867.5600000000113,56.82670731707336,18.095731707317093,14,14,13,58,21,37,36.206896551724135,160.28900000002398,2.7636034482762755,1.2737217614342256,186.37099999999407,67.10350000002694,52.044655172413734,18.494793103448266,11,28,19
5,60,1.8,0.55,0.8,0.15,22,8,34,20,41,23,18,56.09756097560976,891.5600000000097,21.745365853658775,4.70149253731357,47.999999999996874,867.5600000000113,56.82670731707336,18.095731707317093,14,14,13,58,21,37,36.206896551724135,163.9350000000245,2.8264655172418016,1.2817018790436043,182.72499999999354,72.57250000002773,52.044655172413734,18.38646551724137,11,28,19
5,60,1.8,0.55,1.0,0.15,22,8,34,20,41,23,18,56.09756097560976,891.5600000000097,21.745365853658775,4.70149253731357,47.999999999996874,867.5600000000113,56.82670731707336,18.095731707317093,14,14,13,58,21,37,36.206896551724135,163.9350000000245,2.8264655172418016,1.2817018790436043,182.72499999999354,72.57250000002773,52.044655172413734,18.38646551724137,11,28,19
5,60,1.8,0.55,1.2,0.15,22,8,34,20,41,23,18,56.09756097560976,891.5600000000097,21.745365853658775,4.70149253731357,47.999999999996874,867.5600000000113,56.82670731707336,18.095731707317093,14,14,13,58,21,37,36.206896551724135,160.28900000002398,2.7636034482762755,1.2737217614342256,186.37099999999407,67.10350000002694,52.044655172413734,18.494793103448266,11,28,19
5,60,1.5,0.55,0.8,0.15,18,10,30,20,40,24,16,60.0,892.2600000000161,22.306500000000405,4.766955860933639,49.999999999996646,867.2600000000178,56.11725000000018,18.948125000000022,15,12,13,58,21,37,36.206896551724135,137.375000000029,2.3685344827591206,1.2305162389147224,182.72499999999354,46.01250000003222,50.696982758620635,18.938189655172405,11,28,19
5,60,1.5,0.55,1.0,0.15,18,10,30,20,40,24,16,60.0,892.2600000000161,22.306500000000405,4.766955860933639,49.999999999996646,867.2600000000178,56.11725000000018,18.948125000000022,15,12,13,58,21,37,36.206896551724135,137.375000000029,2.3685344827591206,1.2305162389147224,182.72499999999354,46.01250000003222,50.696982758620635,18.938189655172405,11,28,19
5,60,1.5,0.55,1.2,0.15,18,10,30,20,40,24,16,60.0,892.2600000000161,22.306500000000405,4.766955860933639,49.999999999996646,867.2600000000178,56.11725000000018,18.948125000000022,15,12,13,58,21,37,36.206896551724135,133.72900000002846,2.305672413793594,1.2230337013064463,186.37099999999407,40.54350000003143,50.696982758620635,19.0465172413793,11,28,19
5,60,1.8,0.55,0.8,0.15,18,10,30,20,40,24,16,60.0,892.2600000000161,22.306500000000405,4.766955860933639,49.999999999996646,867.2600000000178,56.11725000000018,18.948125000000022,15,12,13,58,21,37,36.206896551724135,137.375000000029,2.3685344827591206,1.2305162389147224,182.72499999999354,46.01250000003222,50.696982758620635,18.938189655172405,11,28,19
5,60,1.8,0.55,1.0,0.15,18,10,30,20,40,24,16,60.0,892.2600000000161,22.306500000000405,4.766955860933639,49.999999999996646,867.2600000000178,56.11725000000018,18.948125000000022,15,12,13,58,21,37,36.206896551724135,137.375000000029,2.3685344827591206,1.2305162389147224,182.72499999999354,46.01250000003222,50.696982758620635,18.938189655172405,11,28,19
5,60,1.8,0.55,1.2,0.15,18,10,30,20,40,24,16,60.0,892.2600000000161,22.306500000000405,4.766955860933639,49.999999999996646,867.2600000000178,56.11725000000018,18.948125000000022,15,12,13,58,21,37,36.206896551724135,133.72900000002846,2.305672413793594,1.2230337013064463,186.37099999999407,40.54350000003143,50.696982758620635,19.0465172413793,11,28,19
5,60,1.5,0.55,0.8,0.15,22,10,38,24,40,24,16,60.0,896.0900000000039,22.402250000000098,4.600707210736788,58.00000000000074,867.0900000000036,57.97487500000019,20.49750000000002,14,12,14,57,21,36,36.84210526315789,117.84499999999525,2.067456140350794,1.1867354376624109,162.72500000000605,36.48249999999223,52.578771929824526,20.895964912280693,10,27,20
5,60,1.5,0.55,1.0,0.15,22,10,38,24,40,24,16,60.0,896.0900000000039,22.402250000000098,4.600707210736788,58.00000000000074,867.0900000000036,57.97487500000019,20.49750000000002,14,12,14,57,21,36,36.84210526315789,117.84499999999525,2.067456140350794,1.1867354376624109,162.72500000000605,36.48249999999223,52.578771929824526,20.895964912280693,10,27,20
5,60,1.5,0.55,1.2,0.15,22,10,38,24,40,24,16,60.0,896.0900000000039,22.402250000000098,4.600707210736788,58.00000000000074,867.0900000000036,57.97487500000019,20.49750000000002,14,12,14,57,21,36,36.84210526315789,117.84499999999525,2.067456140350794,1.1867354376624109,162.72500000000605,36.48249999999223,52.578771929824526,20.895964912280693,10,27,20
5,60,1.8,0.55,0.8,0.15,22,10,38,24,40,24,16,60.0,896.0900000000039,22.402250000000098,4.600707210736788,58.00000000000074,867.0900000000036,57.97487500000019,20.49750000000002,14,12,14,57,21,36,36.84210526315789,117.84499999999525,2.067456140350794,1.1867354376624109,162.72500000000605,36.48249999999223,52.578771929824526,20.895964912280693,10,27,20
5,60,1.8,0.55,1.0,0.15,22,10,38,24,40,24,16,60.0,896.0900000000039,22.402250000000098,4.600707210736788,58.00000000000074,867.0900000000036,57.97487500000019,20.49750000000002,14,12,14,57,21,36,36.84210526315789,117.84499999999525,2.067456140350794,1.1867354376624109,162.72500000000605,36.48249999999223,52.578771929824526,20.895964912280693,10,27,20
5,60,1.8,0.55,1.2,0.15,22,10,38,24,40,24,16,60.0,896.0900000000039,22.402250000000098,4.600707210736788,58.00000000000074,867.0900000000036,57.97487500000019,20.49750000000002,14,12,14,57,21,36,36.84210526315789,117.84499999999525,2.067456140350794,1.1867354376624109,162.72500000000605,36.48249999999223,52.578771929824526,20.895964912280693,10,27,20
5,60,1.5,0.55,0.8,0.15,10,8,34,24,42,24,18,57.14285714285714,894.9450000000046,21.308214285714396,4.539220532695331,56.000000000000966,866.9450000000041,53.53047619047636,19.3309523809524,17,14,11,57,22,35,38.59649122807017,162.08499999999782,2.843596491228032,1.2732936534700146,162.72500000000605,80.7224999999948,49.505964912280646,20.33456140350876,11,26,20
5,60,1.5,0.55,1.0,0.15,10,8,34,24,42,24,18,57.14285714285714,894.9450000000046,21.308214285714396,4.539220532695331,56.000000000000966,866.9450000000041,53.53047619047636,19.3309523809524,17,14,11,57,22,35,38.59649122807017,162.08499999999782,2.843596491228032,1.2732936534700146,162.72500000000605,80.7224999999948,49.505964912280646,20.33456140350876,11,26,20
5,60,1.5,0.55,1.2,0.15,10,8,34,24,42,24,18,57.14285714285714,894.9450000000046,21.308214285714396,4.539220532695331,56.000000000000966,866.9450000000041,53.53047619047636,19.3309523809524,17,14,11,57,22,35,38.59649122807017,162.08499999999782,2.843596491228032,1.2732936534700146,162.72500000000605,80.7224999999948,49.505964912280646,20.33456140350876,11,26,20
5,60,1.8,0.55,0.8,0.15,10,8,34,24,42,24,18,57.14285714285714,894.9450000000046,21.308214285714396,4.539220532695331,56.000000000000966,866.9450000000041,53.53047619047636,19.3309523809524,17,14,11,57,22,35,38.59649122807017,162.08499999999782,2.843596491228032,1.2732936534700146,162.72500000000605,80.7224999999948,49.505964912280646,20.33456140350876,11,26,20
5,60,1.8,0.55,1.0,0.15,10,8,34,24,42,24,18,57.14285714285714,894.9450000000046,21.308214285714396,4.539220532695331,56.000000000000966,866.9450000000041,53.53047619047636,19.3309523809524,17,14,11,57,22,35,38.59649122807017,162.08499999999782,2.843596491228032,1.2732936534700146,162.72500000000605,80.7224999999948,49.505964912280646,20.33456140350876,11,26,20
5,60,1.8,0.55,1.2,0.15,10,8,34,24,42,24,18,57.14285714285714,894.9450000000046,21.308214285714396,4.539220532695331,56.000000000000966,866.9450000000041,53.53047619047636,19.3309523809524,17,14,11,57,22,35,38.59649122807017,162.08499999999782,2.843596491228032,1.2732936534700146,162.72500000000605,80.7224999999948,49.505964912280646,20.33456140350876,11,26,20
5,60,1.5,0.55,0.8,0.15,18,8,38,24,41,23,18,56.09756097560976,893.9900000000024,21.80463414634152,4.535443813892798,56.00000000000091,865.9900000000019,56.29756097560994,19.60731707317075,15,14,12,57,21,36,36.84210526315789,123.84499999999457,2.172719298245519,1.2006952096972732,162.72500000000605,42.482499999991546,51.66649122807014,20.33456140350876,10,27,20
5,60,1.5,0.55,1.0,0.15,18,8,38,24,41,23,18,56.09756097560976,893.9900000000024,21.80463414634152,4.535443813892798,56.00000000000091,865.9900000000019,56.29756097560994,19.60731707317075,15,14,12,57,21,36,36.84210526315789,123.84499999999457,2.172719298245519,1.2006952096972732,162.72500000000605,42.482499999991546,51.66649122807014,20.33456140350876,10,27,20
5,60,1.5,0.55,1.2,0.15,18,8,38,24,41,23,18,56.09756097560976,893.9900000000024,21.80463414634152,4.535443813892798,56.00000000000091,865.9900000000019,56.29756097560994,19.60731707317075,15,14,12,57,21,36,36.84210526315789,123.84499999999457,2.172719298245519,1.2006952096972732,162.72500000000605,42.482499999991546,51.66649122807014,20.33456140350876,10,27,20
5,60,1.8,0.55,0.8,0.15,18,8,38,24,41,23,18,56.09756097560976,893.9900000000024,21.80463414634152,4.535443813892798,56.00000000000091,865.9900000000019,56.29756097560994,19.60731707317075,15,14,12,57,21,36,36.84210526315789,123.84499999999457,2.172719298245519,1.2006952096972732,162.72500000000605,42.482499999991546,51.66649122807014,20.33456140350876,10,27,20
5,60,1.8,0.55,1.0,0.15,18,8,38,24,41,23,18,56.09756097560976,893.9900000000024,21.80463414634152,4.535443813892798,56.00000000000091,865.9900000000019,56.29756097560994,19.60731707317075,15,14,12,57,21,36,36.84210526315789,123.84499999999457,2.172719298245519,1.2006952096972732,162.72500000000605,42.482499999991546,51.66649122807014,20.33456140350876,10,27,20
5,60,1.8,0.55,1.2,0.15,18,8,38,24,41,23,18,56.09756097560976,893.9900000000024,21.80463414634152,4.535443813892798,56.00000000000091,865.9900000000019,56.29756097560994,19.60731707317075,15,14,12,57,21,36,36.84210526315789,123.84499999999457,2.172719298245519,1.2006952096972732,162.72500000000605,42.482499999991546,51.66649122807014,20.33456140350876,10,27,20
5,60,1.5,0.55,0.8,0.15,14,8,34,24,42,24,18,57.14285714285714,893.3800000000058,21.27095238095252,4.533031459474447,56.00000000000091,865.3800000000053,54.21309523809542,19.3309523809524,16,14,12,57,22,35,38.59649122807017,166.4999999999966,2.9210526315788874,1.280737843124022,162.72500000000605,85.13749999999357,50.10333333333326,20.33456140350876,11,26,20
5,60,1.5,0.55,1.0,0.15,14,8,34,24,42,24,18,57.14285714285714,893.3800000000058,21.27095238095252,4.533031459474447,56.00000000000091,865.3800000000053,54.21309523809542,19.3309523809524,16,14,12,57,22,35,38.59649122807017,166.4999999999966,2.9210526315788874,1.280737843124022,162.72500000000605,85.13749999999357,50.10333333333326,20.33456140350876,11,26,20
5,60,1.5,0.55,1.2,0.15,14,8,34,24,42,24,18,57.14285714285714,893.3800000000058,21.27095238095252,4.533031459474447,56.00000000000091,865.3800000000053,54.21309523809542,19.3309523809524,16,14,12,57,22,35,38.59649122807017,166.4999999999966,2.9210526315788874,1.280737843124022,162.72500000000605,85.13749999999357,50.10333333333326,20.33456140350876,11,26,20
5,60,1.8,0.55,0.8,0.15,14,8,34,24,42,24,18,57.14285714285714,893.3800000000058,21.27095238095252,4.533031459474447,56.00000000000091,865.3800000000053,54.21309523809542,19.3309523809524,16,14,12,57,22,35,38.59649122807017,166.4999999999966,2.9210526315788874,1.280737843124022,162.72500000000605,85.13749999999357,50.10333333333326,20.33456140350876,11,26,20
5,60,1.8,0.55,1.0,0.15,14,8,34,24,42,24,18,57.14285714285714,893.3800000000058,21.27095238095252,4.533031459474447,56.00000000000091,865.3800000000053,54.21309523809542,19.3309523809524,16,14,12,57,22,35,38.59649122807017,166.4999999999966,2.9210526315788874,1.280737843124022,162.72500000000605,85.13749999999357,50.10333333333326,20.33456140350876,11,26,20
5,60,1.8,0.55,1.2,0.15,14,8,34,24,42,24,18,57.14285714285714,893.3800000000058,21.27095238095252,4.533031459474447,56.00000000000091,865.3800000000053,54.21309523809542,19.3309523809524,16,14,12,57,22,35,38.59649122807017,166.4999999999966,2.9210526315788874,1.280737843124022,162.72500000000605,85.13749999999357,50.10333333333326,20.33456140350876,11,26,20
5,60,1.5,0.55,0.8,0.15,22,10,30,20,40,24,16,60.0,888.9600000000145,22.224000000000363,4.753023874359001,49.999999999996646,863.9600000000162,57.11725000000018,18.948125000000022,14,12,14,58,21,37,36.206896551724135,145.37500000002814,2.5064655172418644,1.2439402965039283,182.72499999999354,54.012500000031366,51.59353448275857,18.938189655172405,11,28,19
5,60,1.5,0.55,1.0,0.15,22,10,30,20,40,24,16,60.0,888.9600000000145,22.224000000000363,4.753023874359001,49.999999999996646,863.9600000000162,57.11725000000018,18.948125000000022,14,12,14,58,21,37,36.206896551724135,145.37500000002814,2.5064655172418644,1.2439402965039283,182.72499999999354,54.012500000031366,51.59353448275857,18.938189655172405,11,28,19
5,60,1.5,0.55,1.2,0.15,22,10,30,20,40,24,16,60.0,888.9600000000145,22.224000000000363,4.753023874359001,49.999999999996646,863.9600000000162,57.11725000000018,18.948125000000022,14,12,14,58,21,37,36.206896551724135,141.7290000000276,2.4436034482763382,1.236376129728486,186.37099999999407,48.543500000030576,51.59353448275857,19.0465172413793,11,28,19
5,60,1.8,0.55,0.8,0.15,22,10,30,20,40,24,16,60.0,888.9600000000145,22.224000000000363,4.753023874359001,49.999999999996646,863.9600000000162,57.11725000000018,18.948125000000022,14,12,14,58,21,37,36.206896551724135,145.37500000002814,2.5064655172418644,1.2439402965039283,182.72499999999354,54.012500000031366,51.59353448275857,18.938189655172405,11,28,19
5,60,1.8,0.55,1.0,0.15,22,10,30,20,40,24,16,60.0,888.9600000000145,22.224000000000363,4.753023874359001,49.999999999996646,863.9600000000162,57.11725000000018,18.948125000000022,14,12,14,58,21,37,36.206896551724135,145.37500000002814,2.5064655172418644,1.2439402965039283,182.72499999999354,54.012500000031366,51.59353448275857,18.938189655172405,11,28,19
5,60,1.8,0.55,1.2,0.15,22,10,30,20,40,24,16,60.0,888.9600000000145,22.224000000000363,4.753023874359001,49.999999999996646,863.9600000000162,57.11725000000018,18.948125000000022,14,12,14,58,21,37,36.206896551724135,141.7290000000276,2.4436034482763382,1.236376129728486,186.37099999999407,48.543500000030576,51.59353448275857,19.0465172413793,11,28,19
5,60,1.5,0.55,0.8,0.15,10,10,30,24,41,25,16,60.97560975609756,892.3450000000093,21.76451219512218,4.585658891366871,58.00000000000074,863.345000000009,53.733536585366025,20.241463414634165,17,12,12,57,22,35,38.59649122807017,143.52500000000146,2.5179824561403765,1.2364185939250187,162.72500000000605,62.16249999999843,49.11710526315785,20.895964912280693,11,26,20
5,60,1.5,0.55,1.0,0.15,10,10,30,24,41,25,16,60.97560975609756,892.3450000000093,21.76451219512218,4.585658891366871,58.00000000000074,863.345000000009,53.733536585366025,20.241463414634165,17,12,12,57,22,35,38.59649122807017,143.52500000000146,2.5179824561403765,1.2364185939250187,162.72500000000605,62.16249999999843,49.11710526315785,20.895964912280693,11,26,20
5,60,1.5,0.55,1.2,0.15,10,10,30,24,41,25,16,60.97560975609756,892.3450000000093,21.76451219512218,4.585658891366871,58.00000000000074,863.345000000009,53.733536585366025,20.241463414634165,17,12,12,57,22,35,38.59649122807017,143.52500000000146,2.5179824561403765,1.2364185939250187,162.72500000000605,62.16249999999843,49.11710526315785,20.895964912280693,11,26,20
5,60,1.8,0.55,0.8,0.15,10,10,30,24,41,25,16,60.97560975609756,892.3450000000093,21.76451219512218,4.585658891366871,58.00000000000074,863.345000000009,53.733536585366025,20.241463414634165,17,12,12,57,22,35,38.59649122807017,143.52500000000146,2.5179824561403765,1.2364185939250187,162.72500000000605,62.16249999999843,49.11710526315785,20.895964912280693,11,26,20
5,60,1.8,0.55,1.0,0.15,10,10,30,24,41,25,16,60.97560975609756,892.3450000000093,21.76451219512218,4.585658891366871,58.00000000000074,863.345000000009,53.733536585366025,20.241463414634165,17,12,12,57,22,35,38.59649122807017,143.52500000000146,2.5179824561403765,1.2364185939250187,162.72500000000605,62.16249999999843,49.11710526315785,20.895964912280693,11,26,20
5,60,1.8,0.55,1.2,0.15,10,10,30,24,41,25,16,60.97560975609756,892.3450000000093,21.76451219512218,4.585658891366871,58.00000000000074,863.345000000009,53.733536585366025,20.241463414634165,17,12,12,57,22,35,38.59649122807017,143.52500000000146,2.5179824561403765,1.2364185939250187,162.72500000000605,62.16249999999843,49.11710526315785,20.895964912280693,11,26,20
5,60,1.5,0.55,0.8,0.15,18,8,30,20,41,23,18,56.09756097560976,886.860000000013,21.63073170731739,4.681979532103194,47.99999999999682,862.8600000000146,55.46085365853677,18.095731707317093,15,14,12,58,21,37,36.206896551724135,151.3750000000274,2.6099137931039205,1.2601190834185925,182.72499999999354,60.01250000003063,50.696982758620635,18.38646551724137,11,28,19
5,60,1.5,0.55,1.0,0.15,18,8,30,20,41,23,18,56.09756097560976,886.860000000013,21.63073170731739,4.681979532103194,47.99999999999682,862.8600000000146,55.46085365853677,18.095731707317093,15,14,12,58,21,37,36.206896551724135,151.3750000000274,2.6099137931039205,1.2601190834185925,182.72499999999354,60.01250000003063,50.696982758620635,18.38646551724137,11,28,19
5,60,1.5,0.55,1.2,0.15,18,8,30,20,41,23,18,56.09756097560976,886.860000000013,21.63073170731739,4.681979532103194,47.99999999999682,862.8600000000146,55.46085365853677,18.095731707317093,15,14,12,58,21,37,36.206896551724135,147.72900000002687,2.5470517241383943,1.2522733443649785,186.37099999999407,54.54350000002984,50.696982758620635,18.494793103448266,11,28,19
5,60,1.8,0.55,0.8,0.15,18,8,30,20,41,23,18,56.09756097560976,886.860000000013,21.63073170731739,4.681979532103194,47.99999999999682,862.8600000000146,55.46085365853677,18.095731707317093,15,14,12,58,21,37,36.206896551724135,151.3750000000274,2.6099137931039205,1.2601190834185925,182.72499999999354,60.01250000003063,50.696982758620635,18.38646551724137,11,28,19
5,60,1.8,0.55,1.0,0.15,18,8,30,20,41,23,18,56.09756097560976,886.860000000013,21.63073170731739,4.681979532103194,47.99999999999682,862.8600000000146,55.46085365853677,18.095731707317093,15,14,12,58,21,37,36.206896551724135,151.3750000000274,2.6099137931039205,1.2601190834185925,182.72499999999354,60.01250000003063,50.696982758620635,18.38646551724137,11,28,19
5,60,1.8,0.55,1.2,0.15,18,8,30,20,41,23,18,56.09756097560976,886.860000000013,21.63073170731739,4.681979532103194,47.99999999999682,862.8600000000146,55.46085365853677,18.095731707317093,15,14,12,58,21,37,36.206896551724135,147.72900000002687,2.5470517241383943,1.2522733443649785,186.37099999999407,54.54350000002984,50.696982758620635,18.494793103448266,11,28,19
5,60,1.5,0.55,0.8,0.15,22,8,38,24,41,23,18,56.09756097560976,890.6900000000007,21.72414634146343,4.522393371957373,56.000000000000966,862.6900000000003,57.2731707317075,19.60731707317075,14,14,13,57,21,36,36.84210526315789,131.84499999999375,2.3130701754384866,1.2136594930965066,162.72500000000605,50.48249999999072,52.578771929824526,20.33456140350876,10,27,20
5,60,1.5,0.55,1.0,0.15,22,8,38,24,41,23,18,56.09756097560976,890.6900000000007,21.72414634146343,4.522393371957373,56.000000000000966,862.6900000000003,57.2731707317075,19.60731707317075,14,14,13,57,21,36,36.84210526315789,131.84499999999375,2.3130701754384866,1.2136594930965066,162.72500000000605,50.48249999999072,52.578771929824526,20.33456140350876,10,27,20
5,60,1.5,0.55,1.2,0.15,22,8,38,24,41,23,18,56.09756097560976,890.6900000000007,21.72414634146343,4.522393371957373,56.000000000000966,862.6900000000003,57.2731707317075,19.60731707317075,14,14,13,57,21,36,36.84210526315789,131.84499999999375,2.3130701754384866,1.2136594930965066,162.72500000000605,50.48249999999072,52.578771929824526,20.33456140350876,10,27,20
5,60,1.8,0.55,0.8,0.15,22,8,38,24,41,23,18,56.09756097560976,890.6900000000007,21.72414634146343,4.522393371957373,56.000000000000966,862.6900000000003,57.2731707317075,19.60731707317075,14,14,13,57,21,36,36.84210526315789,131.84499999999375,2.3130701754384866,1.2136594930965066,162.72500000000605,50.48249999999072,52.578771929824526,20.33456140350876,10,27,20
5,60,1.8,0.55,1.0,0.15,22,8,38,24,41,23,18,56.09756097560976,890.6900000000007,21.72414634146343,4.522393371957373,56.000000000000966,862.6900000000003,57.2731707317075,19.60731707317075,14,14,13,57,21,36,36.84210526315789,131.84499999999375,2.3130701754384866,1.2136594930965066,162.72500000000605,50.48249999999072,52.578771929824526,20.33456140350876,10,27,20
5,60,1.8,0.55,1.2,0.15,22,8,38,24,41,23,18,56.09756097560976,890.6900000000007,21.72414634146343,4.522393371957373,56.000000000000966,862.6900000000003,57.2731707317075,19.60731707317075,14,14,13,57,21,36,36.84210526315789,131.84499999999375,2.3130701754384866,1.2136594930965066,162.72500000000605,50.48249999999072,52.578771929824526,20.33456140350876,10,27,20
5,60,1.5,0.55,0.8,0.15,14,10,30,24,41,25,16,60.97560975609756,890.7800000000105,21.72634146341489,4.579370341349797,58.00000000000074,861.7800000000102,54.432804878048955,20.241463414634165,16,12,13,57,22,35,38.59649122807017,147.94000000000023,2.595438596491232,1.2436911115503706,162.72500000000605,66.5774999999972,49.71447368421045,20.895964912280693,11,26,20
5,60,1.5,0.55,1.0,0.15,14,10,30,24,41,25,16,60.97560975609756,890.7800000000105,21.72634146341489,4.579370341349797,58.00000000000074,861.7800000000102,54.432804878048955,20.241463414634165,16,12,13,57,22,35,38.59649122807017,147.94000000000023,2.595438596491232,1.2436911115503706,162.72500000000605,66.5774999999972,49.71447368421045,20.895964912280693,11,26,20
5,60,1.5,0.55,1.2,0.15,14,10,30,24,41,25,16,60.97560975609756,890.7800000000105,21.72634146341489,4.579370341349797,58.00000000000074,861.7800000000102,54.432804878048955,20.241463414634165,16,12,13,57,22,35,38.59649122807017,147.94000000000023,2.595438596491232,1.2436911115503706,162.72500000000605,66.5774999999972,49.71447368421045,20.895964912280693,11,26,20
5,60,1.8,0.55,0.8,0.15,14,10,30,24,41,25,16,60.97560975609756,890.7800000000105,21.72634146341489,4.579370341349797,58.00000000000074,861.7800000000102,54.432804878048955,20.241463414634165,16,12,13,57,22,35,38.59649122807017,147.94000000000023,2.595438596491232,1.2436911115503706,162.72500000000605,66.5774999999972,49.71447368421045,20.895964912280693,11,26,20
5,60,1.8,0.55,1.0,0.15,14,10,30,24,41,25,16,60.97560975609756,890.7800000000105,21.72634146341489,4.579370341349797,58.00000000000074,861.7800000000102,54.432804878048955,20.241463414634165,16,12,13,57,22,35,38.59649122807017,147.94000000000023,2.595438596491232,1.2436911115503706,162.72500000000605,66.5774999999972,49.71447368421045,20.895964912280693,11,26,20
5,60,1.8,0.55,1.2,0.15,14,10,30,24,41,25,16,60.97560975609756,890.7800000000105,21.72634146341489,4.579370341349797,58.00000000000074,861.7800000000102,54.432804878048955,20.241463414634165,16,12,13,57,22,35,38.59649122807017,147.94000000000023,2.595438596491232,1.2436911115503706,162.72500000000605,66.5774999999972,49.71447368421045,20.895964912280693,11,26,20
5,60,1.5,0.55,0.8,0.15,22,8,30,20,41,23,18,56.09756097560976,883.5600000000113,21.550243902439302,4.6682789114235534,47.999999999996874,859.5600000000129,56.43646341463433,18.095731707317093,14,14,13,58,21,37,36.206896551724135,159.3750000000266,2.7478448275866656,1.2738660870014042,182.72499999999354,68.01250000002983,51.59353448275857,18.38646551724137,11,28,19
5,60,1.5,0.55,1.0,0.15,22,8,30,20,41,23,18,56.09756097560976,883.5600000000113,21.550243902439302,4.6682789114235534,47.999999999996874,859.5600000000129,56.43646341463433,18.095731707317093,14,14,13,58,21,37,36.206896551724135,159.3750000000266,2.7478448275866656,1.2738660870014042,182.72499999999354,68.01250000002983,51.59353448275857,18.38646551724137,11,28,19
5,60,1.5,0.55,1.2,0.15,22,8,30,20,41,23,18,56.09756097560976,883.5600000000113,21.550243902439302,4.6682789114235534,47.999999999996874,859.5600000000129,56.43646341463433,18.095731707317093,14,14,13,58,21,37,36.206896551724135,155.72900000002608,2.6849827586211394,1.2659347565109975,186.37099999999407,62.54350000002904,51.59353448275857,18.494793103448266,11,28,19
5,60,1.8,0.55,0.8,0.15,22,8,30,20,41,23,18,56.09756097560976,883.5600000000113,21.550243902439302,4.6682789114235534,47.999999999996874,859.5600000000129,56.43646341463433,18.095731707317093,14,14,13,58,21,37,36.206896551724135,159.3750000000266,2.7478448275866656,1.2738660870014042,182.72499999999354,68.01250000002983,51.59353448275857,18.38646551724137,11,28,19
5,60,1.8,0.55,1.0,0.15,22,8,30,20,41,23,18,56.09756097560976,883.5600000000113,21.550243902439302,4.6682789114235534,47.999999999996874,859.5600000000129,56.43646341463433,18.095731707317093,14,14,13,58,21,37,36.206896551724135,159.3750000000266,2.7478448275866656,1.2738660870014042,182.72499999999354,68.01250000002983,51.59353448275857,18.38646551724137,11,28,19
5,60,1.8,0.55,1.2,0.15,22,8,30,20,41,23,18,56.09756097560976,883.5600000000113,21.550243902439302,4.6682789114235534,47.999999999996874,859.5600000000129,56.43646341463433,18.095731707317093,14,14,13,58,21,37,36.206896551724135,155.72900000002608,2.6849827586211394,1.2659347565109975,186.37099999999407,62.54350000002904,51.59353448275857,18.494793103448266,11,28,19
5,60,1.5,0.55,0.8,0.15,18,10,34,24,40,24,16,60.0,888.2600000000083,22.206500000000208,4.569244369437306,58.00000000000074,859.260000000008,56.49662500000021,20.49750000000002,15,12,13,57,22,35,38.59649122807017,160.49999999999943,2.8157894736842004,1.2643803123146837,162.72500000000605,79.13749999999641,50.98289473684204,20.895964912280693,11,26,20
5,60,1.5,0.55,1.0,0.15,18,10,34,24,40,24,16,60.0,888.2600000000083,22.206500000000208,4.569244369437306,58.00000000000074,859.260000000008,56.49662500000021,20.49750000000002,15,12,13,57,22,35,38.59649122807017,160.49999999999943,2.8157894736842004,1.2643803123146837,162.72500000000605,79.13749999999641,50.98289473684204,20.895964912280693,11,26,20
5,60,1.5,0.55,1.2,0.15,18,10,34,24,40,24,16,60.0,888.2600000000083,22.206500000000208,4.569244369437306,58.00000000000074,859.260000000008,56.49662500000021,20.49750000000002,15,12,13,57,22,35,38.59649122807017,160.49999999999943,2.8157894736842004,1.2643803123146837,162.72500000000605,79.13749999999641,50.98289473684204,20.895964912280693,11,26,20
5,60,1.8,0.55,0.8,0.15,18,10,34,24,40,24,16,60.0,888.2600000000083,22.206500000000208,4.569244369437306,58.00000000000074,859.260000000008,56.49662500000021,20.49750000000002,15,12,13,57,22,35,38.59649122807017,160.49999999999943,2.8157894736842004,1.2643803123146837,162.72500000000605,79.13749999999641,50.98289473684204,20.895964912280693,11,26,20
5,60,1.8,0.55,1.0,0.15,18,10,34,24,40,24,16,60.0,888.2600000000083,22.206500000000208,4.569244369437306,58.00000000000074,859.260000000008,56.49662500000021,20.49750000000002,15,12,13,57,22,35,38.59649122807017,160.49999999999943,2.8157894736842004,1.2643803123146837,162.72500000000605,79.13749999999641,50.98289473684204,20.895964912280693,11,26,20
5,60,1.8,0.55,1.2,0.15,18,10,34,24,40,24,16,60.0,888.2600000000083,22.206500000000208,4.569244369437306,58.00000000000074,859.260000000008,56.49662500000021,20.49750000000002,15,12,13,57,22,35,38.59649122807017,160.49999999999943,2.8157894736842004,1.2643803123146837,162.72500000000605,79.13749999999641,50.98289473684204,20.895964912280693,11,26,20
5,60,1.5,0.55,0.8,0.15,10,8,30,24,42,24,18,57.14285714285714,886.9450000000063,21.117738095238245,4.50758309770038,56.000000000000966,858.9450000000058,53.14952380952398,19.3309523809524,17,14,11,57,22,35,38.59649122807017,157.52499999999992,2.7635964912280686,1.2656049774060807,162.72500000000605,76.1624999999969,49.11710526315785,20.33456140350876,11,26,20
5,60,1.5,0.55,1.0,0.15,10,8,30,24,42,24,18,57.14285714285714,886.9450000000063,21.117738095238245,4.50758309770038,56.000000000000966,858.9450000000058,53.14952380952398,19.3309523809524,17,14,11,57,22,35,38.59649122807017,157.52499999999992,2.7635964912280686,1.2656049774060807,162.72500000000605,76.1624999999969,49.11710526315785,20.33456140350876,11,26,20
5,60,1.5,0.55,1.2,0.15,10,8,30,24,42,24,18,57.14285714285714,886.9450000000063,21.117738095238245,4.50758309770038,56.000000000000966,858.9450000000058,53.14952380952398,19.3309523809524,17,14,11,57,22,35,38.59649122807017,157.52499999999992,2.7635964912280686,1.2656049774060807,162.72500000000605,76.1624999999969,49.11710526315785,20.33456140350876,11,26,20
5,60,1.8,0.55,0.8,0.15,10,8,30,24,42,24,18,57.14285714285714,886.9450000000063,21.117738095238245,4.50758309770038,56.000000000000966,858.9450000000058,53.14952380952398,19.3309523809524,17,14,11,57,22,35,38.59649122807017,157.52499999999992,2.7635964912280686,1.2656049774060807,162.72500000000605,76.1624999999969,49.11710526315785,20.33456140350876,11,26,20
5,60,1.8,0.55,1.0,0.15,10,8,30,24,42,24,18,57.14285714285714,886.9450000000063,21.117738095238245,4.50758309770038,56.000000000000966,858.9450000000058,53.14952380952398,19.3309523809524,17,14,11,57,22,35,38.59649122807017,157.52499999999992,2.7635964912280686,1.2656049774060807,162.72500000000605,76.1624999999969,49.11710526315785,20.33456140350876,11,26,20
5,60,1.8,0.55,1.2,0.15,10,8,30,24,42,24,18,57.14285714285714,886.9450000000063,21.117738095238245,4.50758309770038,56.000000000000966,858.9450000000058,53.14952380952398,19.3309523809524,17,14,11,57,22,35,38.59649122807017,157.52499999999992,2.7635964912280686,1.2656049774060807,162.72500000000605,76.1624999999969,49.11710526315785,20.33456140350876,11,26,20
5,60,1.5,0.55,0.8,0.15,14,8,30,24,42,24,18,57.14285714285714,885.3800000000074,21.080476190476368,4.501394024479495,56.00000000000091,857.3800000000069,53.83214285714304,19.3309523809524,16,14,12,57,22,35,38.59649122807017,161.9399999999987,2.841052631578924,1.273049167060088,162.72500000000605,80.57749999999567,49.71447368421045,20.33456140350876,11,26,20
5,60,1.5,0.55,1.0,0.15,14,8,30,24,42,24,18,57.14285714285714,885.3800000000074,21.080476190476368,4.501394024479495,56.00000000000091,857.3800000000069,53.83214285714304,19.3309523809524,16,14,12,57,22,35,38.59649122807017,161.9399999999987,2.841052631578924,1.273049167060088,162.72500000000605,80.57749999999567,49.71447368421045,20.33456140350876,11,26,20
5,60,1.5,0.55,1.2,0.15,14,8,30,24,42,24,18,57.14285714285714,885.3800000000074,21.080476190476368,4.501394024479495,56.00000000000091,857.3800000000069,53.83214285714304,19.3309523809524,16,14,12,57,22,35,38.59649122807017,161.9399999999987,2.841052631578924,1.273049167060088,162.72500000000605,80.57749999999567,49.71447368421045,20.33456140350876,11,26,20
5,60,1.8,0.55,0.8,0.15,14,8,30,24,42,24,18,57.14285714285714,885.3800000000074,21.080476190476368,4.501394024479495,56.00000000000091,857.3800000000069,53.83214285714304,19.3309523809524,16,14,12,57,22,35,38.59649122807017,161.9399999999987,2.841052631578924,1.273049167060088,162.72500000000605,80.57749999999567,49.71447368421045,20.33456140350876,11,26,20
5,60,1.8,0.55,1.0,0.15,14,8,30,24,42,24,18,57.14285714285714,885.3800000000074,21.080476190476368,4.501394024479495,56.00000000000091,857.3800000000069,53.83214285714304,19.3309523809524,16,14,12,57,22,35,38.59649122807017,161.9399999999987,2.841052631578924,1.273049167060088,162.72500000000605,80.57749999999567,49.71447368421045,20.33456140350876,11,26,20
5,60,1.8,0.55,1.2,0.15,14,8,30,24,42,24,18,57.14285714285714,885.3800000000074,21.080476190476368,4.501394024479495,56.00000000000091,857.3800000000069,53.83214285714304,19.3309523809524,16,14,12,57,22,35,38.59649122807017,161.9399999999987,2.841052631578924,1.273049167060088,162.72500000000605,80.57749999999567,49.71447368421045,20.33456140350876,11,26,20
5,60,1.5,0.55,0.8,0.15,22,10,34,24,40,24,16,60.0,884.9600000000067,22.12400000000017,4.555984168123334,58.00000000000074,855.9600000000064,57.49662500000021,20.49750000000002,14,12,14,57,22,35,38.59649122807017,168.49999999999858,2.956140350877168,1.277558147196411,162.72500000000605,87.13749999999555,51.89517543859643,20.895964912280693,11,26,20
5,60,1.5,0.55,1.0,0.15,22,10,34,24,40,24,16,60.0,884.9600000000067,22.12400000000017,4.555984168123334,58.00000000000074,855.9600000000064,57.49662500000021,20.49750000000002,14,12,14,57,22,35,38.59649122807017,168.49999999999858,2.956140350877168,1.277558147196411,162.72500000000605,87.13749999999555,51.89517543859643,20.895964912280693,11,26,20
5,60,1.5,0.55,1.2,0.15,22,10,34,24,40,24,16,60.0,884.9600000000067,22.12400000000017,4.555984168123334,58.00000000000074,855.9600000000064,57.49662500000021,20.49750000000002,14,12,14,57,22,35,38.59649122807017,168.49999999999858,2.956140350877168,1.277558147196411,162.72500000000605,87.13749999999555,51.89517543859643,20.895964912280693,11,26,20
5,60,1.8,0.55,0.8,0.15,22,10,34,24,40,24,16,60.0,884.9600000000067,22.12400000000017,4.555984168123334,58.00000000000074,855.9600000000064,57.49662500000021,20.49750000000002,14,12,14,57,22,35,38.59649122807017,168.49999999999858,2.956140350877168,1.277558147196411,162.72500000000605,87.13749999999555,51.89517543859643,20.895964912280693,11,26,20
5,60,1.8,0.55,1.0,0.15,22,10,34,24,40,24,16,60.0,884.9600000000067,22.12400000000017,4.555984168123334,58.00000000000074,855.9600000000064,57.49662500000021,20.49750000000002,14,12,14,57,22,35,38.59649122807017,168.49999999999858,2.956140350877168,1.277558147196411,162.72500000000605,87.13749999999555,51.89517543859643,20.895964912280693,11,26,20
5,60,1.8,0.55,1.2,0.15,22,10,34,24,40,24,16,60.0,884.9600000000067,22.12400000000017,4.555984168123334,58.00000000000074,855.9600000000064,57.49662500000021,20.49750000000002,14,12,14,57,22,35,38.59649122807017,168.49999999999858,2.956140350877168,1.277558147196411,162.72500000000605,87.13749999999555,51.89517543859643,20.895964912280693,11,26,20
5,60,1.5,0.55,0.8,0.15,18,8,34,24,41,23,18,56.09756097560976,882.8600000000052,21.533170731707443,4.491428232456076,56.00000000000091,854.8600000000048,55.8309756097563,19.60731707317075,15,14,12,57,22,35,38.59649122807017,174.49999999999784,3.061403508771892,1.2942267484993528,162.72500000000605,93.13749999999482,50.98289473684204,20.33456140350876,11,26,20
5,60,1.5,0.55,1.0,0.15,18,8,34,24,41,23,18,56.09756097560976,882.8600000000052,21.533170731707443,4.491428232456076,56.00000000000091,854.8600000000048,55.8309756097563,19.60731707317075,15,14,12,57,22,35,38.59649122807017,174.49999999999784,3.061403508771892,1.2942267484993528,162.72500000000605,93.13749999999482,50.98289473684204,20.33456140350876,11,26,20
5,60,1.5,0.55,1.2,0.15,18,8,34,24,41,23,18,56.09756097560976,882.8600000000052,21.533170731707443,4.491428232456076,56.00000000000091,854.8600000000048,55.8309756097563,19.60731707317075,15,14,12,57,22,35,38.59649122807017,174.49999999999784,3.061403508771892,1.2942267484993528,162.72500000000605,93.13749999999482,50.98289473684204,20.33456140350876,11,26,20
5,60,1.8,0.55,0.8,0.15,18,8,34,24,41,23,18,56.09756097560976,882.8600000000052,21.533170731707443,4.491428232456076,56.00000000000091,854.8600000000048,55.8309756097563,19.60731707317075,15,14,12,57,22,35,38.59649122807017,174.49999999999784,3.061403508771892,1.2942267484993528,162.72500000000605,93.13749999999482,50.98289473684204,20.33456140350876,11,26,20
5,60,1.8,0.55,1.0,0.15,18,8,34,24,41,23,18,56.09756097560976,882.8600000000052,21.533170731707443,4.491428232456076,56.00000000000091,854.8600000000048,55.8309756097563,19.60731707317075,15,14,12,57,22,35,38.59649122807017,174.49999999999784,3.061403508771892,1.2942267484993528,162.72500000000605,93.13749999999482,50.98289473684204,20.33456140350876,11,26,20
5,60,1.8,0.55,1.2,0.15,18,8,34,24,41,23,18,56.09756097560976,882.8600000000052,21.533170731707443,4.491428232456076,56.00000000000091,854.8600000000048,55.8309756097563,19.60731707317075,15,14,12,57,22,35,38.59649122807017,174.49999999999784,3.061403508771892,1.2942267484993528,162.72500000000605,93.13749999999482,50.98289473684204,20.33456140350876,11,26,20
5,60,1.5,0.55,0.8,0.15,22,8,34,24,41,23,18,56.09756097560976,879.5600000000036,21.452682926829354,4.47837779052065,56.000000000000966,851.5600000000031,56.80658536585386,19.60731707317075,14,14,13,57,22,35,38.59649122807017,182.49999999999704,3.2017543859648603,1.30771565387468,162.72500000000605,101.13749999999402,51.89517543859643,20.33456140350876,11,26,20
5,60,1.5,0.55,1.0,0.15,22,8,34,24,41,23,18,56.09756097560976,879.5600000000036,21.452682926829354,4.47837779052065,56.000000000000966,851.5600000000031,56.80658536585386,19.60731707317075,14,14,13,57,22,35,38.59649122807017,182.49999999999704,3.2017543859648603,1.30771565387468,162.72500000000605,101.13749999999402,51.89517543859643,20.33456140350876,11,26,20
5,60,1.5,0.55,1.2,0.15,22,8,34,24,41,23,18,56.09756097560976,879.5600000000036,21.452682926829354,4.47837779052065,56.000000000000966,851.5600000000031,56.80658536585386,19.60731707317075,14,14,13,57,22,35,38.59649122807017,182.49999999999704,3.2017543859648603,1.30771565387468,162.72500000000605,101.13749999999402,51.89517543859643,20.33456140350876,11,26,20
5,60,1.8,0.55,0.8,0.15,22,8,34,24,41,23,18,56.09756097560976,879.5600000000036,21.452682926829354,4.47837779052065,56.000000000000966,851.5600000000031,56.80658536585386,19.60731707317075,14,14,13,57,22,35,38.59649122807017,182.49999999999704,3.2017543859648603,1.30771565387468,162.72500000000605,101.13749999999402,51.89517543859643,20.33456140350876,11,26,20
5,60,1.8,0.55,1.0,0.15,22,8,34,24,41,23,18,56.09756097560976,879.5600000000036,21.452682926829354,4.47837779052065,56.000000000000966,851.5600000000031,56.80658536585386,19.60731707317075,14,14,13,57,22,35,38.59649122807017,182.49999999999704,3.2017543859648603,1.30771565387468,162.72500000000605,101.13749999999402,51.89517543859643,20.33456140350876,11,26,20
5,60,1.8,0.55,1.2,0.15,22,8,34,24,41,23,18,56.09756097560976,879.5600000000036,21.452682926829354,4.47837779052065,56.000000000000966,851.5600000000031,56.80658536585386,19.60731707317075,14,14,13,57,22,35,38.59649122807017,182.49999999999704,3.2017543859648603,1.30771565387468,162.72500000000605,101.13749999999402,51.89517543859643,20.33456140350876,11,26,20
5,60,1.5,0.55,0.8,0.15,18,10,30,24,40,24,16,60.0,880.26000000001,22.00650000000025,4.537098426858002,58.00000000000074,851.2600000000097,56.09662500000021,20.49750000000002,15,12,13,57,22,35,38.59649122807017,155.94000000000153,2.735789473684237,1.256868946432102,162.72500000000605,74.57749999999851,50.59403508771924,20.895964912280693,11,26,20
5,60,1.5,0.55,1.0,0.15,18,10,30,24,40,24,16,60.0,880.26000000001,22.00650000000025,4.537098426858002,58.00000000000074,851.2600000000097,56.09662500000021,20.49750000000002,15,12,13,57,22,35,38.59649122807017,155.94000000000153,2.735789473684237,1.256868946432102,162.72500000000605,74.57749999999851,50.59403508771924,20.895964912280693,11,26,20
5,60,1.5,0.55,1.2,0.15,18,10,30,24,40,24,16,60.0,880.26000000001,22.00650000000025,4.537098426858002,58.00000000000074,851.2600000000097,56.09662500000021,20.49750000000002,15,12,13,57,22,35,38.59649122807017,155.94000000000153,2.735789473684237,1.256868946432102,162.72500000000605,74.57749999999851,50.59403508771924,20.895964912280693,11,26,20
5,60,1.8,0.55,0.8,0.15,18,10,30,24,40,24,16,60.0,880.26000000001,22.00650000000025,4.537098426858002,58.00000000000074,851.2600000000097,56.09662500000021,20.49750000000002,15,12,13,57,22,35,38.59649122807017,155.94000000000153,2.735789473684237,1.256868946432102,162.72500000000605,74.57749999999851,50.59403508771924,20.895964912280693,11,26,20
5,60,1.8,0.55,1.0,0.15,18,10,30,24,40,24,16,60.0,880.26000000001,22.00650000000025,4.537098426858002,58.00000000000074,851.2600000000097,56.09662500000021,20.49750000000002,15,12,13,57,22,35,38.59649122807017,155.94000000000153,2.735789473684237,1.256868946432102,162.72500000000605,74.57749999999851,50.59403508771924,20.895964912280693,11,26,20
5,60,1.8,0.55,1.2,0.15,18,10,30,24,40,24,16,60.0,880.26000000001,22.00650000000025,4.537098426858002,58.00000000000074,851.2600000000097,56.09662500000021,20.49750000000002,15,12,13,57,22,35,38.59649122807017,155.94000000000153,2.735789473684237,1.256868946432102,162.72500000000605,74.57749999999851,50.59403508771924,20.895964912280693,11,26,20
5,60,1.5,0.55,0.8,0.15,22,10,30,24,40,24,16,60.0,876.9600000000083,21.92400000000021,4.52383822554403,58.00000000000074,847.960000000008,57.09662500000021,20.49750000000002,14,12,14,57,22,35,38.59649122807017,163.94000000000068,2.876140350877205,1.2700467813138292,162.72500000000605,82.57749999999766,51.50631578947363,20.895964912280693,11,26,20
5,60,1.5,0.55,1.0,0.15,22,10,30,24,40,24,16,60.0,876.9600000000083,21.92400000000021,4.52383822554403,58.00000000000074,847.960000000008,57.09662500000021,20.49750000000002,14,12,14,57,22,35,38.59649122807017,163.94000000000068,2.876140350877205,1.2700467813138292,162.72500000000605,82.57749999999766,51.50631578947363,20.895964912280693,11,26,20
5,60,1.5,0.55,1.2,0.15,22,10,30,24,40,24,16,60.0,876.9600000000083,21.92400000000021,4.52383822554403,58.00000000000074,847.960000000008,57.09662500000021,20.49750000000002,14,12,14,57,22,35,38.59649122807017,163.94000000000068,2.876140350877205,1.2700467813138292,162.72500000000605,82.57749999999766,51.50631578947363,20.895964912280693,11,26,20
5,60,1.8,0.55,0.8,0.15,22,10,30,24,40,24,16,60.0,876.9600000000083,21.92400000000021,4.52383822554403,58.00000000000074,847.960000000008,57.09662500000021,20.49750000000002,14,12,14,57,22,35,38.59649122807017,163.94000000000068,2.876140350877205,1.2700467813138292,162.72500000000605,82.57749999999766,51.50631578947363,20.895964912280693,11,26,20
5,60,1.8,0.55,1.0,0.15,22,10,30,24,40,24,16,60.0,876.9600000000083,21.92400000000021,4.52383822554403,58.00000000000074,847.960000000008,57.09662500000021,20.49750000000002,14,12,14,57,22,35,38.59649122807017,163.94000000000068,2.876140350877205,1.2700467813138292,162.72500000000605,82.57749999999766,51.50631578947363,20.895964912280693,11,26,20
5,60,1.8,0.55,1.2,0.15,22,10,30,24,40,24,16,60.0,876.9600000000083,21.92400000000021,4.52383822554403,58.00000000000074,847.960000000008,57.09662500000021,20.49750000000002,14,12,14,57,22,35,38.59649122807017,163.94000000000068,2.876140350877205,1.2700467813138292,162.72500000000605,82.57749999999766,51.50631578947363,20.895964912280693,11,26,20
5,60,1.5,0.55,0.8,0.15,18,8,30,24,41,23,18,56.09756097560976,874.8600000000068,21.33804878048797,4.459790797461124,56.00000000000091,846.8600000000064,55.440731707317276,19.60731707317075,15,14,12,57,22,35,38.59649122807017,169.93999999999994,2.981403508771929,1.286538072435419,162.72500000000605,88.57749999999692,50.59403508771924,20.33456140350876,11,26,20
5,60,1.5,0.55,1.0,0.15,18,8,30,24,41,23,18,56.09756097560976,874.8600000000068,21.33804878048797,4.459790797461124,56.00000000000091,846.8600000000064,55.440731707317276,19.60731707317075,15,14,12,57,22,35,38.59649122807017,169.93999999999994,2.981403508771929,1.286538072435419,162.72500000000605,88.57749999999692,50.59403508771924,20.33456140350876,11,26,20
5,60,1.5,0.55,1.2,0.15,18,8,30,24,41,23,18,56.09756097560976,874.8600000000068,21.33804878048797,4.459790797461124,56.00000000000091,846.8600000000064,55.440731707317276,19.60731707317075,15,14,12,57,22,35,38.59649122807017,169.93999999999994,2.981403508771929,1.286538072435419,162.72500000000605,88.57749999999692,50.59403508771924,20.33456140350876,11,26,20
5,60,1.8,0.55,0.8,0.15,18,8,30,24,41,23,18,56.09756097560976,874.8600000000068,21.33804878048797,4.459790797461124,56.00000000000091,846.8600000000064,55.440731707317276,19.60731707317075,15,14,12,57,22,35,38.59649122807017,169.93999999999994,2.981403508771929,1.286538072435419,162.72500000000605,88.57749999999692,50.59403508771924,20.33456140350876,11,26,20
5,60,1.8,0.55,1.0,0.15,18,8,30,24,41,23,18,56.09756097560976,874.8600000000068,21.33804878048797,4.459790797461124,56.00000000000091,846.8600000000064,55.440731707317276,19.60731707317075,15,14,12,57,22,35,38.59649122807017,169.93999999999994,2.981403508771929,1.286538072435419,162.72500000000605,88.57749999999692,50.59403508771924,20.33456140350876,11,26,20
5,60,1.8,0.55,1.2,0.15,18,8,30,24,41,23,18,56.09756097560976,874.8600000000068,21.33804878048797,4.459790797461124,56.00000000000091,846.8600000000064,55.440731707317276,19.60731707317075,15,14,12,57,22,35,38.59649122807017,169.93999999999994,2.981403508771929,1.286538072435419,162.72500000000605,88.57749999999692,50.59403508771924,20.33456140350876,11,26,20
5,60,1.5,0.55,0.8,0.15,22,8,30,24,41,23,18,56.09756097560976,871.5600000000052,21.25756097560988,4.446740355525697,56.000000000000966,843.5600000000047,56.41634146341484,19.60731707317075,14,14,13,57,22,35,38.59649122807017,177.93999999999915,3.121754385964897,1.300026977810746,162.72500000000605,96.57749999999612,51.50631578947363,20.33456140350876,11,26,20
5,60,1.5,0.55,1.0,0.15,22,8,30,24,41,23,18,56.09756097560976,871.5600000000052,21.25756097560988,4.446740355525697,56.000000000000966,843.5600000000047,56.41634146341484,19.60731707317075,14,14,13,57,22,35,38.59649122807017,177.93999999999915,3.121754385964897,1.300026977810746,162.72500000000605,96.57749999999612,51.50631578947363,20.33456140350876,11,26,20
5,60,1.5,0.55,1.2,0.15,22,8,30,24,41,23,18,56.09756097560976,871.5600000000052,21.25756097560988,4.446740355525697,56.000000000000966,843.5600000000047,56.41634146341484,19.60731707317075,14,14,13,57,22,35,38.59649122807017,177.93999999999915,3.121754385964897,1.300026977810746,162.72500000000605,96.57749999999612,51.50631578947363,20.33456140350876,11,26,20
5,60,1.8,0.55,0.8,0.15,22,8,30,24,41,23,18,56.09756097560976,871.5600000000052,21.25756097560988,4.446740355525697,56.000000000000966,843.5600000000047,56.41634146341484,19.60731707317075,14,14,13,57,22,35,38.59649122807017,177.93999999999915,3.121754385964897,1.300026977810746,162.72500000000605,96.57749999999612,51.50631578947363,20.33456140350876,11,26,20
5,60,1.8,0.55,1.0,0.15,22,8,30,24,41,23,18,56.09756097560976,871.5600000000052,21.25756097560988,4.446740355525697,56.000000000000966,843.5600000000047,56.41634146341484,19.60731707317075,14,14,13,57,22,35,38.59649122807017,177.93999999999915,3.121754385964897,1.300026977810746,162.72500000000605,96.57749999999612,51.50631578947363,20.33456140350876,11,26,20
5,60,1.8,0.55,1.2,0.15,22,8,30,24,41,23,18,56.09756097560976,871.5600000000052,21.25756097560988,4.446740355525697,56.000000000000966,843.5600000000047,56.41634146341484,19.60731707317075,14,14,13,57,22,35,38.59649122807017,177.93999999999915,3.121754385964897,1.300026977810746,162.72500000000605,96.57749999999612,51.50631578947363,20.33456140350876,11,26,20
